IP,LAST_CHECK_TIME,SPEED,POSITION,TYPE,PORT
114.248.108.23,17-06-01 13:22,0.08秒,北京,HTTP,8118
58.34.237.139,17-06-01 13:22,0.128秒,上海,HTTP,9000
115.202.182.213,17-06-01 13:22,5.369秒,浙江台州,HTTPS,808
175.155.24.41,17-06-01 13:22,0.329秒,四川德阳,HTTP,808
115.203.83.145,17-06-01 13:22,1.911秒,浙江台州,HTTPS,808
220.160.10.187,17-06-01 13:22,1.609秒,福建福州,HTTPS,808
115.202.164.254,17-06-01 13:22,1.562秒,浙江台州,HTTPS,808
220.160.10.100,17-06-01 13:22,3.311秒,福建福州,HTTPS,808
115.202.172.53,17-06-01 13:22,0.721秒,浙江台州,HTTPS,808
113.123.127.225,17-06-01 13:22,2.026秒,山东滨州,HTTP,808
211.149.162.144,17-06-01 13:21,0.925秒,吉林通化,HTTP,808
139.224.237.33,17-06-01 13:21,0.106秒,,HTTP,8888
218.18.232.29,17-06-01 13:21,0.305秒,广东深圳,HTTP,8080
220.166.96.90,17-06-01 13:21,0.591秒,四川泸州,HTTP,82
183.153.48.42,17-06-01 13:21,0.214秒,浙江台州,HTTPS,808
119.115.233.78,17-06-01 13:20,0.146秒,辽宁,HTTP,80
42.233.238.117,17-06-01 13:20,0.124秒,河南,HTTP,8118
60.167.22.255,17-06-01 13:15,5.317秒,安徽芜湖,HTTP,808
119.5.0.23,17-06-01 13:14,0.24秒,四川南充,HTTP,808
115.220.147.122,17-06-01 13:13,2.073秒,浙江宁波,HTTPS,808
222.94.111.128,17-06-01 13:11,0.204秒,江苏南京,HTTPS,8118
171.38.161.120,17-06-01 13:11,2.09秒,广西钦州,HTTPS,8123
116.226.90.12,17-06-01 13:11,0.132秒,上海,HTTP,808
113.71.112.187,17-06-01 13:11,0.57秒,广东佛山,HTTPS,808
115.202.165.183,17-06-01 13:11,0.895秒,浙江台州,HTTPS,808
115.220.146.52,17-06-01 13:11,0.189秒,浙江宁波,HTTPS,808
183.153.37.200,17-06-01 13:11,0.244秒,浙江台州,HTTPS,808
119.5.1.40,17-06-01 13:11,3.969秒,四川南充,HTTP,808
101.206.131.13,17-06-01 13:11,0.403秒,四川,HTTPS,808
183.153.14.145,17-06-01 13:11,0.227秒,浙江台州,HTTPS,808
119.5.0.38,17-06-01 13:11,0.257秒,四川南充,HTTP,808
220.166.242.94,17-06-01 13:10,0.544秒,四川成都,HTTPS,8118
119.5.37.210,17-06-01 13:04,1.337秒,四川达州,HTTP,808
115.202.175.71,17-06-01 13:00,1.57秒,浙江台州,HTTP,808
218.61.208.95,17-06-01 13:00,0.189秒,辽宁大连,HTTPS,808
220.160.10.86,17-06-01 13:00,0.317秒,福建福州,HTTPS,808
119.5.0.85,17-06-01 13:00,0.262秒,四川南充,HTTP,808
123.179.128.151,17-06-01 13:00,0.086秒,内蒙古赤峰,HTTPS,8080
115.213.176.116,17-06-01 13:00,3.984秒,浙江丽水,HTTPS,808
123.163.163.138,17-06-01 13:00,0.337秒,河南三门峡,HTTP,808
120.83.121.131,17-06-01 12:55,0.259秒,广东揭阳,HTTPS,808
123.170.255.108,17-06-01 12:55,0.176秒,山东滨州,HTTPS,808
114.239.149.97,17-06-01 12:55,7.894秒,江苏宿迁市泗阳县,HTTP,808
36.62.117.55,17-06-01 12:52,0.224秒,安徽,HTTP,8118
125.81.110.62,17-06-01 12:51,0.666秒,重庆,HTTP,8123
183.153.12.175,17-06-01 12:51,7.191秒,浙江台州,HTTP,808
175.155.24.119,17-06-01 12:50,0.315秒,四川德阳,HTTP,808
114.103.221.107,17-06-01 12:45,0.257秒,安徽宣城,HTTPS,808
60.176.203.58,17-06-01 12:45,0.303秒,浙江杭州,HTTP,808
115.220.3.80,17-06-01 12:45,4.186秒,浙江宁波,HTTP,808
110.73.4.72,17-06-01 12:44,0.985秒,广西防城港,HTTP,8123
121.226.155.207,17-06-01 12:43,3.071秒,江苏盐城,HTTPS,808
115.213.203.209,17-06-01 12:43,6.758秒,浙江丽水,HTTP,808
119.5.0.9,17-06-01 12:40,0.231秒,四川南充,HTTP,808
119.5.0.35,17-06-01 12:40,0.252秒,四川南充,HTTP,808
180.175.17.98,17-06-01 12:34,0.141秒,上海,HTTP,63000
115.203.82.207,17-06-01 12:33,7.061秒,浙江台州,HTTPS,808
221.229.45.54,17-06-01 12:33,1.95秒,江苏扬州,HTTPS,808
115.220.5.120,17-06-01 12:33,0.258秒,浙江宁波,HTTPS,808
183.153.39.236,17-06-01 12:33,0.822秒,浙江台州,HTTPS,808
58.253.70.149,17-06-01 12:31,0.383秒,广东茂名,HTTP,8080
114.239.2.72,17-06-01 12:31,0.225秒,江苏宿迁,HTTP,808
119.5.1.55,17-06-01 12:30,0.85秒,四川南充,HTTP,808
123.55.179.97,17-06-01 12:30,4.669秒,河南三门峡,HTTP,808
114.230.232.173,17-06-01 12:30,1.228秒,江苏扬州,HTTP,47346
119.5.0.122,17-06-01 12:22,0.243秒,四川南充,HTTP,808
110.72.150.117,17-06-01 12:22,3.103秒,广西防城港,HTTPS,8123
115.203.93.74,17-06-01 12:22,0.39秒,浙江台州,HTTPS,808
171.13.36.74,17-06-01 12:22,0.451秒,河南,HTTPS,808
122.245.65.82,17-06-01 12:22,1.02秒,浙江宁波,HTTPS,808
119.5.175.11,17-06-01 12:22,3.612秒,四川,HTTPS,808
182.35.220.179,17-06-01 12:16,1.359秒,山东德州,HTTPS,808
175.155.24.57,17-06-01 12:16,1.016秒,四川德阳,HTTP,808
175.155.247.174,17-06-01 12:16,1.718秒,四川德阳,HTTP,808
222.85.39.147,17-06-01 12:15,0.198秒,河南平顶山,HTTPS,808
222.95.18.16,17-06-01 12:15,7.069秒,江苏南京,HTTP,808
123.162.80.56,17-06-01 12:15,2.103秒,河南焦作,HTTP,808
60.167.21.53,17-06-01 12:12,5.521秒,安徽芜湖,HTTPS,808
115.215.208.147,17-06-01 12:11,0.319秒,浙江宁波,HTTP,8118
221.230.72.182,17-06-01 12:01,3.13秒,江苏镇江,HTTP,80
175.155.241.85,17-06-01 12:01,2.214秒,四川德阳,HTTPS,808
183.153.47.1,17-06-01 12:00,1.082秒,浙江台州,HTTP,808
49.86.62.150,17-06-01 11:55,0.36秒,江苏扬州,HTTPS,808
123.55.189.41,17-06-01 11:50,0.212秒,河南三门峡,HTTPS,808
112.115.81.155,17-06-01 11:50,0.385秒,云南昆明,HTTP,808
113.58.235.139,17-06-01 11:45,7.006秒,海南海口,HTTPS,808
119.5.1.108,17-06-01 11:44,0.686秒,四川南充,HTTPS,808
60.205.95.162,17-06-01 11:43,1.694秒,广东深圳,HTTPS,808
140.224.76.104,17-06-01 11:41,1.255秒,,HTTPS,808
222.95.21.105,17-06-01 11:40,0.168秒,江苏南京,HTTPS,808
220.160.10.222,17-06-01 11:40,0.267秒,福建福州,HTTPS,808
60.184.207.95,17-06-01 11:40,0.189秒,浙江丽水,HTTP,808
121.226.172.91,17-06-01 11:40,0.882秒,江苏,HTTPS,808
183.49.85.121,17-06-01 11:38,0.194秒,广东深圳,HTTPS,8118
113.123.53.169,17-06-01 11:36,0.504秒,山东威海,HTTPS,808
115.207.7.91,17-06-01 11:33,7.688秒,浙江衢州,HTTPS,808
49.83.207.152,17-06-01 11:33,6.738秒,江苏盐城,HTTPS,808
60.19.238.98,17-06-01 11:31,7.807秒,辽宁鞍山,HTTP,36962
115.203.95.199,17-06-01 11:31,7.787秒,浙江台州,HTTPS,808
123.161.239.215,17-06-01 11:30,3.041秒,河南平顶山,HTTP,40767
IP,LAST_CHECK_TIME,SPEED,POSITION,TYPE,PORT
119.5.0.122,17-06-01 13:52,0.243秒,四川南充,HTTP,808
116.226.90.12,17-06-01 13:51,0.132秒,上海,HTTP,808
119.5.0.38,17-06-01 13:51,0.257秒,四川南充,HTTP,808
36.62.117.55,17-06-01 13:50,0.224秒,安徽,HTTP,8118
220.166.242.94,17-06-01 13:50,0.544秒,四川成都,HTTPS,8118
218.18.232.29,17-06-01 13:50,0.305秒,广东深圳,HTTP,8080
220.166.96.90,17-06-01 13:50,0.591秒,四川泸州,HTTP,82
139.224.237.33,17-06-01 13:50,0.106秒,,HTTP,8888
211.149.162.144,17-06-01 13:50,0.925秒,吉林通化,HTTP,808
119.115.233.78,17-06-01 13:50,0.146秒,辽宁,HTTP,80
222.94.111.128,17-06-01 13:50,0.204秒,江苏南京,HTTPS,8118
175.155.25.20,17-06-01 13:50,0.325秒,四川德阳,HTTP,808
42.233.238.117,17-06-01 13:46,0.124秒,河南,HTTP,8118
123.179.128.151,17-06-01 13:46,0.086秒,内蒙古赤峰,HTTPS,8080
115.220.150.36,17-06-01 13:45,1.547秒,浙江宁波,HTTPS,808
119.5.0.23,17-06-01 13:45,0.24秒,四川南充,HTTP,808
58.34.237.139,17-06-01 13:44,0.128秒,上海,HTTP,9000
119.5.0.60,17-06-01 13:44,0.361秒,四川南充,HTTP,808
220.160.10.187,17-06-01 13:41,1.609秒,福建福州,HTTPS,808
119.5.1.32,17-06-01 13:40,0.229秒,四川南充,HTTP,808
183.49.85.121,17-06-01 13:40,0.194秒,广东深圳,HTTPS,8118
221.230.72.182,17-06-01 13:36,3.13秒,江苏镇江,HTTP,80
175.155.25.18,17-06-01 13:33,0.785秒,四川德阳,HTTP,808
115.220.1.155,17-06-01 13:33,1.005秒,浙江宁波,HTTP,808
218.64.93.239,17-06-01 13:33,2.291秒,江西吉安,HTTPS,808
115.215.71.172,17-06-01 13:33,4.057秒,浙江宁波,HTTPS,808
115.213.202.66,17-06-01 13:33,0.254秒,浙江丽水,HTTPS,808
115.220.6.240,17-06-01 13:33,0.313秒,浙江宁波,HTTP,808
119.5.0.47,17-06-01 13:33,6.295秒,四川南充,HTTP,808
106.46.6.187,17-06-01 13:30,4.127秒,,HTTP,30816
123.163.162.171,17-06-01 13:30,3.42秒,河南三门峡,HTTP,808
117.43.1.183,17-06-01 13:30,1.0秒,江西九江,HTTPS,808
114.229.35.46,17-06-01 13:30,1.627秒,江苏镇江,HTTP,24023
221.229.44.200,17-06-01 13:30,0.205秒,江苏扬州,HTTP,808
114.248.108.23,17-06-01 13:30,0.08秒,北京,HTTP,8118
115.207.4.171,17-06-01 13:30,0.34秒,浙江衢州,HTTPS,808
115.202.182.213,17-06-01 13:22,5.369秒,浙江台州,HTTPS,808
175.155.24.41,17-06-01 13:22,0.329秒,四川德阳,HTTP,808
115.203.83.145,17-06-01 13:22,1.911秒,浙江台州,HTTPS,808
115.202.164.254,17-06-01 13:22,1.562秒,浙江台州,HTTPS,808
220.160.10.100,17-06-01 13:22,3.311秒,福建福州,HTTPS,808
115.202.172.53,17-06-01 13:22,0.721秒,浙江台州,HTTPS,808
113.123.127.225,17-06-01 13:22,2.026秒,山东滨州,HTTP,808
183.153.48.42,17-06-01 13:21,0.214秒,浙江台州,HTTPS,808
60.167.22.255,17-06-01 13:15,5.317秒,安徽芜湖,HTTP,808
115.220.147.122,17-06-01 13:13,2.073秒,浙江宁波,HTTPS,808
171.38.161.120,17-06-01 13:11,2.09秒,广西钦州,HTTPS,8123
113.71.112.187,17-06-01 13:11,0.57秒,广东佛山,HTTPS,808
115.202.165.183,17-06-01 13:11,0.895秒,浙江台州,HTTPS,808
115.220.146.52,17-06-01 13:11,0.189秒,浙江宁波,HTTPS,808
183.153.37.200,17-06-01 13:11,0.244秒,浙江台州,HTTPS,808
119.5.1.40,17-06-01 13:11,3.969秒,四川南充,HTTP,808
101.206.131.13,17-06-01 13:11,0.403秒,四川,HTTPS,808
183.153.14.145,17-06-01 13:11,0.227秒,浙江台州,HTTPS,808
119.5.37.210,17-06-01 13:04,1.337秒,四川达州,HTTP,808
115.202.175.71,17-06-01 13:00,1.57秒,浙江台州,HTTP,808
218.61.208.95,17-06-01 13:00,0.189秒,辽宁大连,HTTPS,808
220.160.10.86,17-06-01 13:00,0.317秒,福建福州,HTTPS,808
119.5.0.85,17-06-01 13:00,0.262秒,四川南充,HTTP,808
115.213.176.116,17-06-01 13:00,3.984秒,浙江丽水,HTTPS,808
123.163.163.138,17-06-01 13:00,0.337秒,河南三门峡,HTTP,808
120.83.121.131,17-06-01 12:55,0.259秒,广东揭阳,HTTPS,808
123.170.255.108,17-06-01 12:55,0.176秒,山东滨州,HTTPS,808
114.239.149.97,17-06-01 12:55,7.894秒,江苏宿迁市泗阳县,HTTP,808
125.81.110.62,17-06-01 12:51,0.666秒,重庆,HTTP,8123
183.153.12.175,17-06-01 12:51,7.191秒,浙江台州,HTTP,808
175.155.24.119,17-06-01 12:50,0.315秒,四川德阳,HTTP,808
114.103.221.107,17-06-01 12:45,0.257秒,安徽宣城,HTTPS,808
60.176.203.58,17-06-01 12:45,0.303秒,浙江杭州,HTTP,808
115.220.3.80,17-06-01 12:45,4.186秒,浙江宁波,HTTP,808
110.73.4.72,17-06-01 12:44,0.985秒,广西防城港,HTTP,8123
121.226.155.207,17-06-01 12:43,3.071秒,江苏盐城,HTTPS,808
115.213.203.209,17-06-01 12:43,6.758秒,浙江丽水,HTTP,808
119.5.0.9,17-06-01 12:40,0.231秒,四川南充,HTTP,808
119.5.0.35,17-06-01 12:40,0.252秒,四川南充,HTTP,808
180.175.17.98,17-06-01 12:34,0.141秒,上海,HTTP,63000
115.203.82.207,17-06-01 12:33,7.061秒,浙江台州,HTTPS,808
221.229.45.54,17-06-01 12:33,1.95秒,江苏扬州,HTTPS,808
115.220.5.120,17-06-01 12:33,0.258秒,浙江宁波,HTTPS,808
183.153.39.236,17-06-01 12:33,0.822秒,浙江台州,HTTPS,808
58.253.70.149,17-06-01 12:31,0.383秒,广东茂名,HTTP,8080
114.239.2.72,17-06-01 12:31,0.225秒,江苏宿迁,HTTP,808
119.5.1.55,17-06-01 12:30,0.85秒,四川南充,HTTP,808
123.55.179.97,17-06-01 12:30,4.669秒,河南三门峡,HTTP,808
114.230.232.173,17-06-01 12:30,1.228秒,江苏扬州,HTTP,47346
110.72.150.117,17-06-01 12:22,3.103秒,广西防城港,HTTPS,8123
115.203.93.74,17-06-01 12:22,0.39秒,浙江台州,HTTPS,808
171.13.36.74,17-06-01 12:22,0.451秒,河南,HTTPS,808
122.245.65.82,17-06-01 12:22,1.02秒,浙江宁波,HTTPS,808
119.5.175.11,17-06-01 12:22,3.612秒,四川,HTTPS,808
182.35.220.179,17-06-01 12:16,1.359秒,山东德州,HTTPS,808
175.155.24.57,17-06-01 12:16,1.016秒,四川德阳,HTTP,808
175.155.247.174,17-06-01 12:16,1.718秒,四川德阳,HTTP,808
222.85.39.147,17-06-01 12:15,0.198秒,河南平顶山,HTTPS,808
222.95.18.16,17-06-01 12:15,7.069秒,江苏南京,HTTP,808
123.162.80.56,17-06-01 12:15,2.103秒,河南焦作,HTTP,808
60.167.21.53,17-06-01 12:12,5.521秒,安徽芜湖,HTTPS,808
115.215.208.147,17-06-01 12:11,0.319秒,浙江宁波,HTTP,8118
175.155.241.85,17-06-01 12:01,2.214秒,四川德阳,HTTPS,808
183.153.47.1,17-06-01 12:00,1.082秒,浙江台州,HTTP,808
49.86.62.150,17-06-01 11:55,0.36秒,江苏扬州,HTTPS,808
123.55.189.41,17-06-01 11:50,0.212秒,河南三门峡,HTTPS,808
112.115.81.155,17-06-01 11:50,0.385秒,云南昆明,HTTP,808
113.58.235.139,17-06-01 11:45,7.006秒,海南海口,HTTPS,808
119.5.1.108,17-06-01 11:44,0.686秒,四川南充,HTTPS,808
60.205.95.162,17-06-01 11:43,1.694秒,广东深圳,HTTPS,808
140.224.76.104,17-06-01 11:41,1.255秒,,HTTPS,808
222.95.21.105,17-06-01 11:40,0.168秒,江苏南京,HTTPS,808
220.160.10.222,17-06-01 11:40,0.267秒,福建福州,HTTPS,808
60.184.207.95,17-06-01 11:40,0.189秒,浙江丽水,HTTP,808
121.226.172.91,17-06-01 11:40,0.882秒,江苏,HTTPS,808
113.123.53.169,17-06-01 11:36,0.504秒,山东威海,HTTPS,808
115.207.7.91,17-06-01 11:33,7.688秒,浙江衢州,HTTPS,808
49.83.207.152,17-06-01 11:33,6.738秒,江苏盐城,HTTPS,808
60.19.238.98,17-06-01 11:31,7.807秒,辽宁鞍山,HTTP,36962
115.203.95.199,17-06-01 11:31,7.787秒,浙江台州,HTTPS,808
123.161.239.215,17-06-01 11:30,3.041秒,河南平顶山,HTTP,40767
112.195.101.120,17-06-01 11:24,1.147秒,四川自贡,HTTPS,808
110.73.9.162,17-06-01 11:23,4.647秒,广西防城港,HTTP,8123
49.86.62.36,17-06-01 11:22,2.062秒,江苏扬州,HTTP,808
175.155.24.109,17-06-01 11:22,0.446秒,四川德阳,HTTP,808
122.245.67.231,17-06-01 11:20,1.191秒,浙江宁波,HTTP,808
119.7.83.171,17-06-01 11:20,1.183秒,四川,HTTP,808
171.39.76.142,17-06-01 11:15,1.903秒,广西百色,HTTP,8123
117.94.152.61,17-06-01 11:12,0.231秒,江苏泰州,HTTPS,808
210.79.83.208,17-06-01 11:11,0.177秒,广东深圳市南山区,HTTPS,8118
60.184.175.109,17-06-01 11:11,0.317秒,浙江丽水,HTTPS,808
115.202.160.145,17-06-01 11:11,4.597秒,浙江台州,HTTP,808
36.26.153.40,17-06-01 11:11,0.594秒,浙江,HTTPS,808
123.55.179.117,17-06-01 11:11,0.211秒,河南三门峡,HTTPS,808
183.153.15.82,17-06-01 11:11,1.033秒,浙江台州,HTTPS,808
222.85.50.45,17-06-01 11:11,2.008秒,河南平顶山,HTTP,808
175.155.24.37,17-06-01 11:11,0.917秒,四川德阳,HTTP,808
222.95.23.37,17-06-01 11:11,1.102秒,江苏南京,HTTPS,808
119.5.0.108,17-06-01 11:10,0.28秒,四川南充,HTTP,808
122.241.73.201,17-06-01 11:02,2.193秒,浙江丽水,HTTPS,808
114.239.0.14,17-06-01 11:01,0.183秒,江苏宿迁,HTTP,808
115.210.77.43,17-06-01 11:00,7.037秒,浙江金华,HTTP,37007
180.115.6.166,17-06-01 11:00,0.566秒,江苏常州,HTTP,35351
122.241.75.248,17-06-01 11:00,0.557秒,浙江丽水,HTTPS,808
140.224.76.146,17-06-01 11:00,0.658秒,,HTTP,808
119.5.1.10,17-06-01 11:00,4.288秒,四川南充,HTTP,808
115.220.6.33,17-06-01 10:55,0.808秒,浙江宁波,HTTPS,808
119.5.0.118,17-06-01 10:53,0.468秒,四川南充,HTTP,808
218.64.93.88,17-06-01 10:50,0.248秒,江西吉安,HTTPS,808
175.155.24.18,17-06-01 10:50,4.875秒,四川德阳,HTTP,808
114.239.3.102,17-06-01 10:33,4.384秒,江苏宿迁,HTTPS,808
123.170.255.236,17-06-01 10:33,1.481秒,山东滨州,HTTPS,808
119.5.1.107,17-06-01 10:32,0.718秒,四川南充,HTTPS,808
121.226.171.64,17-06-01 10:30,0.184秒,江苏,HTTP,808
218.64.93.53,17-06-01 10:30,1.736秒,江西吉安,HTTP,808
121.206.32.180,17-06-01 10:30,4.885秒,福建漳州,HTTP,808
175.155.25.46,17-06-01 10:28,0.208秒,四川德阳,HTTP,808
119.5.0.14,17-06-01 10:28,0.239秒,四川南充,HTTP,808
114.239.2.185,17-06-01 10:22,0.181秒,江苏宿迁,HTTP,808
115.220.1.11,17-06-01 10:20,1.195秒,浙江宁波,HTTP,808
122.241.73.42,17-06-01 10:15,0.273秒,浙江丽水,HTTPS,808
119.5.0.110,17-06-01 10:13,0.753秒,四川南充,HTTP,808
182.45.2.9,17-06-01 10:11,2.676秒,山东,HTTPS,808
171.38.179.147,17-06-01 10:11,0.394秒,广西钦州,HTTPS,8123
113.69.253.73,17-06-01 10:11,0.561秒,广东佛山,HTTP,808
123.169.88.53,17-06-01 10:11,0.83秒,山东淄博,HTTPS,808
119.7.75.112,17-06-01 10:11,0.427秒,四川德阳,HTTPS,808
114.239.150.200,17-06-01 10:11,0.303秒,江苏宿迁市泗阳县,HTTP,808
182.108.4.84,17-06-01 10:10,0.211秒,江西,HTTP,8118
175.155.24.70,17-06-01 10:10,0.242秒,四川德阳,HTTP,808
175.155.24.16,17-06-01 10:10,0.314秒,四川德阳,HTTP,808
175.155.136.127,17-06-01 10:01,4.514秒,四川德阳,HTTPS,808
113.69.60.44,17-06-01 10:01,0.55秒,广东佛山,HTTPS,808
114.101.136.216,17-06-01 10:00,1.235秒,安徽淮南,HTTP,26438
115.220.147.160,17-06-01 10:00,4.306秒,浙江宁波,HTTPS,808
123.170.100.85,17-06-01 10:00,6.351秒,山东日照,HTTP,808
119.5.0.3,17-06-01 10:00,0.974秒,四川南充,HTTP,808
123.170.82.119,17-06-01 09:53,3.957秒,山东日照,HTTP,808
106.0.4.116,17-06-01 09:53,0.043秒,福建,HTTP,8081
119.98.104.212,17-06-01 09:45,5.061秒,湖北武汉,HTTPS,53281
175.155.25.105,17-06-01 09:45,0.326秒,四川德阳,HTTP,808
175.155.143.163,17-06-01 09:45,1.933秒,四川德阳,HTTPS,808
123.169.84.109,17-06-01 09:45,2.844秒,山东淄博,HTTP,808
114.230.232.226,17-06-01 09:45,1.078秒,江苏扬州,HTTP,808
115.213.200.233,17-06-01 09:44,0.416秒,浙江丽水,HTTPS,808
110.90.186.173,17-06-01 09:44,4.676秒,福建宁德,HTTPS,808
119.5.1.92,17-06-01 09:41,0.988秒,四川南充,HTTP,808
175.155.24.74,17-06-01 09:40,0.239秒,四川德阳,HTTPS,808
115.210.49.255,17-06-01 09:37,0.215秒,浙江金华,HTTP,808
175.155.139.132,17-06-01 09:33,4.358秒,四川德阳,HTTPS,808
115.202.167.108,17-06-01 09:33,4.432秒,浙江台州,HTTP,808
171.38.174.108,17-06-01 09:31,4.155秒,广西钦州,HTTP,8123
119.5.1.111,17-06-01 09:31,0.229秒,四川南充,HTTP,808
116.28.105.70,17-06-01 09:30,2.708秒,广东中山,HTTP,808
119.5.0.70,17-06-01 09:30,0.289秒,四川南充,HTTP,808
113.121.250.20,17-06-01 09:22,3.218秒,山东德州,HTTPS,808
49.86.62.54,17-06-01 09:22,0.202秒,江苏扬州,HTTP,808
182.43.170.121,17-06-01 09:22,4.753秒,山东,HTTPS,808
123.55.189.106,17-06-01 09:22,3.098秒,河南三门峡,HTTP,808
221.229.46.252,17-06-01 09:22,6.037秒,江苏扬州,HTTPS,808
171.13.37.175,17-06-01 09:22,0.301秒,河南,HTTPS,808
112.194.42.146,17-06-01 09:21,0.325秒,四川达州,HTTPS,808
123.55.190.242,17-06-01 09:20,0.347秒,河南三门峡,HTTPS,808
218.63.208.223,17-06-01 09:18,2.424秒,云南曲靖,HTTPS,3128
114.239.2.144,17-06-01 09:11,0.219秒,江苏宿迁,HTTP,808
115.220.6.251,17-06-01 09:11,1.167秒,浙江宁波,HTTPS,808
117.43.0.241,17-06-01 09:11,1.098秒,江西九江,HTTPS,808
115.215.70.132,17-06-01 09:11,1.39秒,浙江宁波,HTTPS,808
113.123.60.19,17-06-01 09:10,0.496秒,山东威海,HTTP,808
175.155.24.103,17-06-01 09:10,0.246秒,四川德阳,HTTP,808
59.62.98.170,17-06-01 09:02,7.088秒,江西鹰潭,HTTPS,808
112.111.5.187,17-06-01 09:01,0.198秒,福建福州,HTTPS,8118
60.178.84.232,17-06-01 09:00,0.856秒,浙江宁波,HTTPS,808
183.153.18.188,17-06-01 09:00,4.471秒,浙江台州,HTTP,808
49.70.161.190,17-06-01 09:00,0.547秒,江苏苏州,HTTP,25969
119.7.72.72,17-06-01 09:00,3.364秒,四川德阳,HTTP,808
119.5.0.67,17-06-01 09:00,0.276秒,四川南充,HTTP,808
220.179.219.7,17-06-01 08:58,0.216秒,安徽铜陵,HTTPS,808
115.220.145.247,17-06-01 08:55,0.41秒,浙江宁波,HTTPS,808
175.155.140.228,17-06-01 08:55,4.31秒,四川德阳,HTTPS,808
140.250.153.34,17-06-01 08:51,0.265秒,山东,HTTPS,808
183.157.177.130,17-06-01 08:50,1.324秒,浙江杭州,HTTPS,80
115.215.69.165,17-06-01 08:50,0.951秒,浙江宁波,HTTPS,808
114.239.2.134,17-06-01 08:45,0.216秒,江苏宿迁,HTTP,808
60.184.175.36,17-06-01 08:44,0.398秒,浙江丽水,HTTPS,808
59.54.226.132,17-06-01 08:44,2.938秒,江西抚州,HTTP,43945
222.95.17.242,17-06-01 08:43,1.941秒,江苏南京,HTTPS,808
175.155.136.22,17-06-01 08:40,5.33秒,四川德阳,HTTPS,808
218.64.93.229,17-06-01 08:36,5.374秒,江西吉安,HTTPS,808
175.155.189.100,17-06-01 08:33,2.736秒,四川德阳,HTTPS,808
175.155.240.172,17-06-01 08:33,2.567秒,四川德阳,HTTPS,808
114.239.0.166,17-06-01 08:32,0.239秒,江苏宿迁,HTTP,808
115.202.185.65,17-06-01 08:30,0.229秒,浙江台州,HTTPS,808
119.5.0.16,17-06-01 08:30,4.096秒,四川南充,HTTP,808
115.220.0.110,17-06-01 08:22,2.815秒,浙江宁波,HTTPS,808
115.220.7.180,17-06-01 08:22,1.159秒,浙江宁波,HTTPS,808
114.239.3.213,17-06-01 08:22,0.546秒,江苏宿迁,HTTPS,808
175.155.25.14,17-06-01 08:20,0.308秒,四川德阳,HTTP,808
60.167.20.140,17-06-01 08:16,4.377秒,安徽芜湖,HTTP,808
49.86.62.199,17-06-01 08:15,0.205秒,江苏扬州,HTTPS,808
60.184.172.51,17-06-01 08:15,4.469秒,浙江丽水,HTTP,808
115.220.148.159,17-06-01 08:12,4.321秒,浙江宁波,HTTPS,808
175.155.246.157,17-06-01 08:11,6.186秒,四川德阳,HTTPS,808
180.118.243.85,17-06-01 08:11,3.936秒,江苏镇江,HTTPS,808
112.194.217.226,17-06-01 08:11,0.321秒,四川南充,HTTPS,808
125.89.123.77,17-06-01 08:11,3.84秒,广东河源,HTTPS,808
114.239.0.65,17-06-01 08:11,0.241秒,江苏宿迁,HTTP,808
112.194.40.83,17-06-01 08:11,0.262秒,四川达州,HTTPS,808
113.69.37.12,17-06-01 08:11,0.201秒,广东佛山,HTTPS,808
122.241.74.165,17-06-01 08:10,0.219秒,浙江丽水,HTTP,808
115.221.119.240,17-06-01 08:01,0.539秒,浙江温州,HTTP,32417
175.155.24.30,17-06-01 08:01,0.42秒,四川德阳,HTTP,808
122.241.73.63,17-06-01 08:00,0.562秒,浙江丽水,HTTP,808
115.220.5.113,17-06-01 08:00,0.697秒,浙江宁波,HTTPS,808
119.5.1.30,17-06-01 08:00,0.257秒,四川南充,HTTP,808
123.163.21.229,17-06-01 08:00,7.219秒,河南洛阳,HTTPS,808
125.118.70.224,17-06-01 08:00,0.245秒,浙江杭州,HTTPS,808
182.88.162.23,17-06-01 07:58,2.59秒,广西南宁,HTTPS,8123
182.87.14.82,17-06-01 07:55,0.256秒,江西鹰潭市贵溪,HTTPS,808
122.245.71.227,17-06-01 07:51,1.029秒,浙江宁波,HTTPS,808
119.5.216.144,17-06-01 07:45,5.559秒,四川眉山,HTTPS,808
60.178.85.37,17-06-01 07:45,3.85秒,浙江宁波,HTTPS,808
123.55.184.162,17-06-01 07:45,3.171秒,河南三门峡,HTTP,808
115.203.82.34,17-06-01 07:42,0.6秒,浙江台州,HTTP,808
119.5.1.53,17-06-01 07:42,0.254秒,四川南充,HTTP,808
175.155.24.17,17-06-01 07:41,0.239秒,四川德阳,HTTP,808
119.5.0.71,17-06-01 07:41,0.299秒,四川南充,HTTP,808
114.239.1.187,17-06-01 07:40,0.197秒,江苏宿迁,HTTP,808
123.55.187.193,17-06-01 07:35,3.444秒,河南三门峡,HTTP,808
60.184.175.74,17-06-01 07:33,3.379秒,浙江丽水,HTTPS,808
117.43.1.227,17-06-01 07:33,0.247秒,江西九江,HTTPS,808
115.203.71.179,17-06-01 07:33,0.295秒,浙江台州,HTTPS,808
113.69.165.48,17-06-01 07:30,0.558秒,广东佛山,HTTP,808
115.215.70.78,17-06-01 07:30,1.254秒,浙江宁波,HTTP,808
113.69.167.47,17-06-01 07:30,0.643秒,广东佛山,HTTP,808
175.155.246.105,17-06-01 07:25,1.047秒,四川德阳,HTTPS,808
175.155.25.23,17-06-01 07:22,0.251秒,四川德阳,HTTP,808
220.160.10.79,17-06-01 07:22,3.459秒,福建福州,HTTPS,808
122.241.203.74,17-06-01 07:22,1.106秒,浙江丽水,HTTPS,808
115.215.68.175,17-06-01 07:22,0.9秒,浙江宁波,HTTPS,808
175.155.142.81,17-06-01 07:22,0.251秒,四川德阳,HTTP,808
175.155.152.6,17-06-01 07:22,1.869秒,四川德阳,HTTPS,808
117.95.66.67,17-06-01 07:22,7.8秒,江苏淮安,HTTPS,808
180.110.4.22,17-06-01 07:22,0.315秒,江苏南京,HTTPS,808
119.7.80.93,17-06-01 07:21,0.217秒,四川,HTTPS,808
119.5.1.9,17-06-01 07:20,0.269秒,四川南充,HTTP,808
119.5.0.61,17-06-01 07:14,0.247秒,四川南充,HTTP,808
221.229.47.85,17-06-01 07:12,0.256秒,江苏扬州,HTTP,808
119.5.1.49,17-06-01 07:11,2.081秒,四川南充,HTTP,808
115.203.65.245,17-06-01 07:11,0.622秒,浙江台州,HTTPS,808
122.245.65.83,17-06-01 07:11,0.213秒,浙江宁波,HTTPS,808
115.203.77.105,17-06-01 07:11,0.235秒,浙江台州,HTTPS,808
117.43.0.130,17-06-01 07:11,1.591秒,江西九江,HTTP,808
175.155.68.65,17-06-01 07:11,0.269秒,四川德阳,HTTPS,808
183.153.8.76,17-06-01 07:11,0.231秒,浙江台州,HTTPS,808
114.238.144.103,17-06-01 07:11,1.657秒,江苏淮安,HTTPS,808
115.220.3.247,17-06-01 07:11,0.251秒,浙江宁波,HTTPS,808
113.58.233.160,17-06-01 07:03,1.095秒,海南海口,HTTPS,808
183.167.83.8,17-06-01 07:01,0.587秒,安徽淮北,HTTP,808
110.83.46.155,17-06-01 07:01,0.563秒,福建福州,HTTPS,26360
114.103.37.28,17-06-01 07:00,1.146秒,安徽滁州,HTTP,41081
119.7.77.148,17-06-01 07:00,5.224秒,四川德阳,HTTPS,808
122.245.70.53,17-06-01 07:00,1.063秒,浙江宁波,HTTPS,808
183.128.42.145,17-06-01 06:55,2.839秒,浙江杭州,HTTPS,808
119.7.77.148,17-06-01 07:00,5.224秒,四川德阳,HTTPS,808
122.245.70.53,17-06-01 07:00,1.063秒,浙江宁波,HTTPS,808
183.128.42.145,17-06-01 06:55,2.839秒,浙江杭州,HTTPS,808
203.88.210.121,17-06-01 06:55,0.156秒,广东广州,HTTP,138
111.155.116.221,17-06-01 06:50,1.478秒,北京,HTTPS,8123
115.220.3.171,17-06-01 06:50,1.211秒,浙江宁波,HTTPS,808
182.88.9.28,17-06-01 06:50,6.887秒,广西南宁,HTTP,53281
59.62.86.201,17-06-01 06:45,2.607秒,江西鹰潭,HTTP,808
115.220.7.140,17-06-01 06:44,0.191秒,浙江宁波,HTTP,808
222.95.19.173,17-06-01 06:42,6.262秒,江苏南京,HTTPS,808
119.5.0.44,17-06-01 06:34,0.264秒,四川南充,HTTP,808
222.94.149.194,17-06-01 06:31,4.237秒,江苏南京,HTTP,808
222.94.151.136,17-06-01 06:30,0.74秒,江苏南京,HTTPS,808
119.7.76.8,17-06-01 06:30,1.746秒,四川德阳,HTTP,808
115.220.150.182,17-06-01 06:30,4.286秒,浙江宁波,HTTPS,808
111.72.244.172,17-06-01 06:23,0.301秒,江西鹰潭,HTTPS,808
122.245.66.208,17-06-01 06:22,0.964秒,浙江宁波,HTTPS,808
119.5.1.35,17-06-01 06:22,0.285秒,四川南充,HTTP,808
114.230.126.167,17-06-01 06:22,0.142秒,江苏扬州,HTTPS,36416
175.155.24.54,17-06-01 06:20,7.383秒,四川德阳,HTTPS,808
115.202.185.46,17-06-01 06:20,0.502秒,浙江台州,HTTPS,808
218.64.92.73,17-06-01 06:17,0.779秒,江西吉安,HTTPS,808
123.169.84.134,17-06-01 06:15,0.748秒,山东淄博,HTTP,808
123.169.87.251,17-06-01 06:11,1.645秒,山东淄博,HTTPS,808
222.94.145.174,17-06-01 06:11,0.168秒,江苏南京,HTTPS,808
115.220.3.57,17-06-01 06:11,0.218秒,浙江宁波,HTTP,808
119.7.78.177,17-06-01 06:11,2.251秒,四川德阳,HTTPS,808
125.106.249.208,17-06-01 06:11,2.387秒,浙江衢州,HTTP,808
112.194.43.83,17-06-01 06:11,0.275秒,四川达州,HTTPS,808
220.160.10.49,17-06-01 06:11,0.527秒,福建福州,HTTP,30618
123.163.163.160,17-06-01 06:10,0.285秒,河南三门峡,HTTP,808
222.95.22.63,17-06-01 06:10,5.624秒,江苏南京,HTTPS,808
222.95.18.132,17-06-01 06:05,1.684秒,江苏南京,HTTPS,808
125.118.68.19,17-06-01 06:04,0.563秒,浙江杭州,HTTP,808
121.204.102.51,17-06-01 06:00,0.329秒,福建福州,HTTPS,808
114.232.116.20,17-06-01 06:00,0.446秒,江苏南通,HTTPS,29813
115.207.4.199,17-06-01 06:00,2.129秒,浙江衢州,HTTPS,808
175.155.240.82,17-06-01 06:00,0.956秒,四川德阳,HTTPS,808
175.155.246.231,17-06-01 06:00,0.298秒,四川德阳,HTTPS,808
122.241.72.252,17-06-01 06:00,0.267秒,浙江丽水,HTTPS,808
115.202.164.175,17-06-01 06:00,0.309秒,浙江台州,HTTPS,808
120.83.100.131,17-06-01 05:55,0.737秒,广东揭阳市普宁,HTTPS,808
112.194.222.152,17-06-01 05:55,0.345秒,四川南充,HTTPS,808
115.213.201.13,17-06-01 05:55,0.414秒,浙江丽水,HTTP,808
182.38.23.195,17-06-01 05:52,7.692秒,山东威海,HTTPS,808
175.155.25.31,17-06-01 05:50,0.212秒,四川德阳,HTTP,808
121.40.108.76,17-06-01 05:48,2.817秒,河北衡水,HTTP,80
222.33.192.238,17-06-01 05:45,2.064秒,辽宁阜新,HTTP,8118
115.207.36.71,17-06-01 05:45,1.684秒,浙江衢州,HTTP,808
114.99.11.141,17-06-01 05:44,5.775秒,安徽安庆,HTTPS,808
119.5.0.33,17-06-01 05:43,0.241秒,四川南充,HTTP,808
175.155.25.17,17-06-01 05:40,0.275秒,四川德阳,HTTP,808
121.205.9.215,17-06-01 05:33,1.172秒,福建泉州,HTTPS,808
119.7.77.43,17-06-01 05:33,5.118秒,四川德阳,HTTPS,808
140.224.76.167,17-06-01 05:33,2.214秒,,HTTPS,808
123.163.165.100,17-06-01 05:33,0.157秒,河南三门峡,HTTPS,808
220.191.81.144,17-06-01 05:31,0.735秒,浙江杭州,HTTP,30302
112.239.6.43,17-06-01 05:31,7.432秒,山东枣庄,HTTP,808
123.169.87.178,17-06-01 05:30,0.366秒,山东淄博,HTTP,808
60.178.215.132,17-06-01 05:30,1.4秒,浙江宁波,HTTPS,8118
122.228.179.178,17-06-01 05:15,2.995秒,浙江温州,HTTP,80
117.91.138.232,17-06-01 05:14,1.615秒,江苏扬州,HTTP,808
175.155.246.228,17-06-01 05:12,0.883秒,四川德阳,HTTPS,808
111.72.244.138,17-06-01 05:11,0.222秒,江西鹰潭,HTTPS,808
125.89.123.203,17-06-01 05:11,4.572秒,广东河源,HTTPS,808
218.64.92.152,17-06-01 05:11,1.388秒,江西吉安,HTTP,808
182.35.213.200,17-06-01 05:11,0.721秒,山东德州,HTTPS,808
221.205.28.5,17-06-01 05:11,1.279秒,山西太原,HTTPS,53281
180.110.6.5,17-06-01 05:11,0.257秒,江苏南京,HTTP,808
119.5.1.54,17-06-01 05:10,0.234秒,四川南充,HTTP,808
114.239.145.222,17-06-01 05:02,0.209秒,江苏宿迁市泗阳县,HTTPS,808
119.5.34.47,17-06-01 05:00,1.647秒,四川达州,HTTPS,808
114.239.148.164,17-06-01 04:55,0.684秒,江苏宿迁市泗阳县,HTTPS,808
115.50.186.135,17-06-01 04:52,0.429秒,河南洛阳,HTTP,8118
114.230.107.144,17-06-01 04:50,1.532秒,江苏扬州,HTTP,808
49.87.247.6,17-06-01 04:45,1.629秒,江苏淮安,HTTP,808
114.239.151.51,17-06-01 04:44,3.344秒,江苏宿迁市泗阳县,HTTP,8888
114.230.216.96,17-06-01 04:44,0.418秒,江苏扬州,HTTPS,808
114.232.153.90,17-06-01 04:40,1.083秒,江苏南通,HTTP,808
114.239.144.8,17-06-01 04:40,0.722秒,江苏宿迁市泗阳县,HTTP,808
125.106.94.200,17-06-01 04:40,0.382秒,浙江衢州,HTTPS,808
60.178.85.99,17-06-01 04:33,4.793秒,浙江宁波,HTTPS,808
112.194.216.138,17-06-01 04:33,0.604秒,四川南充,HTTPS,808
117.43.41.92,17-06-01 04:30,3.628秒,江西鹰潭,HTTPS,808
125.106.92.17,17-06-01 04:26,1.926秒,浙江衢州,HTTPS,808
119.7.75.34,17-06-01 04:22,0.397秒,四川德阳,HTTPS,808
36.99.207.2,17-06-01 04:22,0.166秒,浙江,HTTP,808
115.220.2.117,17-06-01 04:22,0.379秒,浙江宁波,HTTPS,808
112.194.171.169,17-06-01 04:22,0.453秒,四川南充,HTTPS,808
125.106.130.220,17-06-01 04:15,3.182秒,浙江衢州,HTTP,808
124.72.216.164,17-06-01 04:12,0.241秒,福建福州,HTTPS,808
115.203.64.99,17-06-01 04:11,0.277秒,浙江台州,HTTPS,808
124.236.250.235,17-06-01 04:11,3.39秒,河北石家庄,HTTPS,808
113.121.47.214,17-06-01 04:11,2.811秒,山东烟台,HTTPS,808
114.230.106.103,17-06-01 04:11,5.11秒,江苏扬州,HTTPS,808
175.155.143.189,17-06-01 04:10,5.347秒,四川德阳,HTTP,808
121.226.154.64,17-06-01 04:05,0.959秒,江苏盐城,HTTPS,808
60.167.132.225,17-06-01 04:00,7.548秒,安徽芜湖,HTTP,808
122.241.206.223,17-06-01 04:00,0.391秒,浙江丽水,HTTPS,808
119.5.0.112,17-06-01 04:00,0.403秒,四川南充,HTTP,808
61.232.254.39,17-06-01 04:00,0.765秒,新疆乌鲁木齐,HTTP,3128
114.230.96.203,17-06-01 03:55,2.711秒,江苏扬州,HTTPS,808
175.155.24.29,17-06-01 03:54,0.252秒,四川德阳,HTTP,808
175.155.246.164,17-06-01 03:52,0.261秒,四川德阳,HTTP,808
115.215.68.32,17-06-01 03:50,1.193秒,浙江宁波,HTTPS,808
175.155.24.53,17-06-01 03:50,0.266秒,四川德阳,HTTPS,808
182.88.43.100,17-06-01 03:47,7.118秒,广西南宁,HTTP,8123
175.155.242.49,17-06-01 03:44,4.729秒,四川德阳,HTTPS,808
175.155.25.49,17-06-01 03:42,0.967秒,四川德阳,HTTP,808
175.155.143.27,17-06-01 03:34,1.366秒,四川德阳,HTTPS,808
175.155.71.24,17-06-01 03:33,0.265秒,四川德阳,HTTP,808
175.155.245.83,17-06-01 03:33,0.326秒,四川德阳,HTTP,808
222.94.145.229,17-06-01 03:30,0.298秒,江苏南京,HTTP,808
175.155.242.147,17-06-01 03:30,1.821秒,四川德阳,HTTP,808
123.170.255.162,17-06-01 03:30,0.243秒,山东滨州,HTTPS,808
119.5.0.5,17-06-01 03:26,0.231秒,四川南充,HTTP,808
115.220.145.235,17-06-01 03:22,1.023秒,浙江宁波,HTTPS,808
119.5.32.54,17-06-01 03:22,0.295秒,四川达州,HTTPS,808
117.31.156.48,17-06-01 03:22,0.286秒,福建,HTTPS,808
175.155.244.20,17-06-01 03:18,1.154秒,四川德阳,HTTP,808
115.202.180.194,17-06-01 03:16,1.316秒,浙江台州,HTTP,808
36.249.31.181,17-06-01 03:16,6.854秒,福建泉州,HTTP,808
123.55.189.183,17-06-01 03:15,0.252秒,河南三门峡,HTTPS,808
123.169.85.66,17-06-01 03:15,5.452秒,山东淄博,HTTP,808
222.85.39.31,17-06-01 03:12,1.851秒,河南平顶山,HTTP,808
115.207.39.83,17-06-01 03:12,6.598秒,浙江衢州,HTTP,808
60.178.87.100,17-06-01 03:11,1.742秒,浙江宁波,HTTP,808
113.93.184.177,17-06-01 03:11,0.263秒,广东江门,HTTPS,808
125.89.123.208,17-06-01 03:11,0.32秒,广东河源,HTTPS,808
125.92.34.0,17-06-01 03:11,0.42秒,广东江门,HTTPS,808
113.58.235.114,17-06-01 03:06,4.39秒,海南海口,HTTPS,808
122.245.68.125,17-06-01 03:01,1.256秒,浙江宁波,HTTP,808
113.69.60.20,17-06-01 03:01,1.163秒,广东佛山,HTTP,808
120.33.247.226,17-06-01 03:01,4.419秒,福建莆田,HTTP,36205
119.7.87.142,17-06-01 03:00,7.011秒,四川,HTTPS,808
113.121.184.127,17-06-01 03:00,1.727秒,山东,HTTP,808
115.203.76.227,17-06-01 03:00,2.682秒,浙江台州,HTTPS,808
171.38.168.209,17-06-01 02:55,0.431秒,广西钦州,HTTP,8123
171.38.199.171,17-06-01 02:55,3.14秒,广西钦州,HTTPS,8123
121.61.97.221,17-06-01 02:55,0.299秒,湖北咸宁,HTTP,808
175.155.154.80,17-06-01 02:55,0.243秒,四川德阳,HTTPS,808
60.167.133.13,17-06-01 02:55,3.57秒,安徽芜湖,HTTPS,808
123.163.165.160,17-06-01 02:54,0.185秒,河南三门峡,HTTP,808
60.178.85.239,17-06-01 02:50,1.657秒,浙江宁波,HTTP,808
175.155.243.41,17-06-01 02:50,0.367秒,四川德阳,HTTPS,808
175.155.24.45,17-06-01 02:50,0.265秒,四川德阳,HTTP,808
125.118.69.196,17-06-01 02:41,4.026秒,浙江杭州,HTTP,808
175.155.24.60,17-06-01 02:40,0.326秒,四川德阳,HTTP,808
115.215.69.73,17-06-01 02:33,0.269秒,浙江宁波,HTTP,808
115.207.38.224,17-06-01 02:33,0.48秒,浙江衢州,HTTPS,808
175.155.246.224,17-06-01 02:33,7.913秒,四川德阳,HTTPS,808
115.215.70.233,17-06-01 02:33,0.254秒,浙江宁波,HTTPS,808
121.226.173.146,17-06-01 02:33,1.153秒,江苏,HTTPS,808
60.184.173.172,17-06-01 02:31,0.538秒,浙江丽水,HTTP,808
222.93.64.185,17-06-01 02:31,3.014秒,江苏苏州市吴江,HTTP,8118
119.7.43.35,17-06-01 02:26,0.254秒,四川达州,HTTPS,808
175.155.24.47,17-06-01 02:23,0.239秒,四川德阳,HTTPS,808
121.206.17.29,17-06-01 02:15,0.353秒,福建漳州,HTTP,808
222.94.151.66,17-06-01 02:11,0.189秒,江苏南京,HTTPS,808
221.229.45.143,17-06-01 02:11,0.723秒,江苏扬州,HTTPS,808
113.58.235.185,17-06-01 02:11,1.516秒,海南海口,HTTP,808
27.156.128.144,17-06-01 02:11,0.811秒,福建宁德,HTTPS,808
117.43.0.184,17-06-01 02:11,2.009秒,江西九江,HTTPS,808
49.83.9.14,17-06-01 02:11,0.74秒,江苏盐城,HTTPS,808
122.241.200.112,17-06-01 02:11,0.303秒,浙江丽水,HTTPS,808
175.155.154.233,17-06-01 02:10,0.263秒,四川德阳,HTTPS,808
115.220.1.166,17-06-01 02:10,0.21秒,浙江宁波,HTTPS,808
182.88.213.184,17-06-01 02:03,6.13秒,广西南宁,HTTP,8123
121.206.33.190,17-06-01 02:01,5.532秒,福建漳州,HTTPS,808
175.155.25.24,17-06-01 02:00,0.285秒,四川德阳,HTTPS,808
113.93.186.88,17-06-01 01:54,0.327秒,广东江门,HTTPS,808
115.217.65.232,17-06-01 01:50,2.159秒,浙江宁波,HTTPS,8118
175.155.24.50,17-06-01 01:50,0.257秒,四川德阳,HTTP,808
121.207.76.166,17-06-01 01:50,0.26秒,福建泉州,HTTP,808
218.73.130.103,17-06-01 01:49,0.757秒,浙江温州,HTTPS,808
222.94.151.63,17-06-01 01:45,0.188秒,江苏南京,HTTP,808
119.5.0.10,17-06-01 01:41,0.365秒,四川南充,HTTP,808
125.118.64.145,17-06-01 01:31,1.761秒,浙江杭州,HTTPS,808
60.167.133.157,17-06-01 01:30,0.331秒,安徽芜湖,HTTPS,808
180.115.7.74,17-06-01 01:30,1.138秒,江苏常州,HTTP,32372
115.220.144.13,17-06-01 01:30,0.328秒,浙江宁波,HTTP,808
115.210.179.127,17-06-01 01:30,4.476秒,浙江金华,HTTP,30615
115.207.98.247,17-06-01 01:30,7.122秒,浙江衢州,HTTP,808
115.220.146.93,17-06-01 01:22,0.436秒,浙江宁波,HTTPS,808
115.203.73.35,17-06-01 01:22,0.354秒,浙江台州,HTTPS,808
123.169.84.48,17-06-01 01:22,0.654秒,山东淄博,HTTPS,808
59.62.118.30,17-06-01 01:22,6.566秒,江西鹰潭,HTTPS,808
171.38.141.94,17-06-01 01:16,2.603秒,广西钦州,HTTP,8123
119.7.136.183,17-06-01 01:15,5.025秒,四川,HTTP,808
123.163.162.96,17-06-01 01:13,0.333秒,河南三门峡,HTTPS,808
123.170.255.60,17-06-01 01:11,0.234秒,山东滨州,HTTPS,808
119.7.85.252,17-06-01 01:11,0.318秒,四川,HTTPS,808
115.203.91.93,17-06-01 01:11,1.04秒,浙江台州,HTTPS,808
59.62.126.149,17-06-01 01:11,0.81秒,江西鹰潭,HTTPS,808
220.160.10.190,17-06-01 01:11,0.287秒,福建福州,HTTPS,808
60.167.132.39,17-06-01 01:11,5.698秒,安徽芜湖,HTTPS,808
115.220.150.0,17-06-01 01:11,0.954秒,浙江宁波,HTTPS,808
221.10.159.234,17-06-01 01:10,0.447秒,四川内江,HTTP,1337
60.167.132.54,17-06-01 01:10,0.282秒,安徽芜湖,HTTPS,808
117.90.214.31,17-06-01 01:03,2.011秒,江苏镇江,HTTPS,808
180.115.15.58,17-06-01 01:00,0.257秒,江苏常州,HTTPS,28289
115.220.148.201,17-06-01 01:00,1.786秒,浙江宁波,HTTPS,808
182.42.39.148,17-06-01 00:55,0.492秒,山东,HTTPS,808
115.220.5.241,17-06-01 00:55,1.283秒,浙江宁波,HTTP,808
114.230.96.168,17-06-01 00:55,3.435秒,江苏扬州,HTTPS,808
175.155.142.47,17-06-01 00:53,0.227秒,四川德阳,HTTPS,808
60.178.85.58,17-06-01 00:50,1.304秒,浙江宁波,HTTPS,808
122.244.54.145,17-06-01 00:50,0.591秒,浙江宁波,HTTP,808
113.73.152.118,17-06-01 00:45,0.239秒,广东中山,HTTP,808
110.73.32.51,17-06-01 00:45,5.036秒,广西防城港,HTTP,8123
175.155.141.213,17-06-01 00:45,1.975秒,四川德阳,HTTPS,808
115.220.2.70,17-06-01 00:41,0.848秒,浙江宁波,HTTP,808
175.155.138.236,17-06-01 00:40,0.271秒,四川德阳,HTTPS,808
113.122.14.197,17-06-01 00:34,0.538秒,山东菏泽,HTTPS,808
110.72.26.70,17-06-01 00:33,1.014秒,广西贵港,HTTPS,8123
171.12.166.55,17-06-01 00:33,1.486秒,河南,HTTPS,808
122.194.184.154,17-06-01 00:31,5.404秒,江苏徐州,HTTP,808
123.163.162.35,17-06-01 00:30,2.061秒,河南三门峡,HTTPS,808
60.184.175.139,17-06-01 00:27,0.593秒,浙江丽水,HTTPS,808
119.5.0.86,17-06-01 00:24,3.186秒,四川南充,HTTP,808
117.42.201.89,17-06-01 00:22,3.948秒,江西宜春,HTTPS,808
115.220.146.169,17-06-01 00:22,0.209秒,浙江宁波,HTTPS,808
115.220.147.194,17-06-01 00:22,0.827秒,浙江宁波,HTTPS,808
110.73.0.13,17-06-01 00:22,5.489秒,广西防城港,HTTP,8123
183.153.20.61,17-06-01 00:22,1.265秒,浙江台州,HTTPS,808
175.155.245.190,17-06-01 00:16,1.81秒,四川德阳,HTTP,808
175.155.244.217,17-06-01 00:16,0.317秒,四川德阳,HTTP,808
121.226.160.195,17-06-01 00:16,7.829秒,江苏,HTTP,808
115.220.2.27,17-06-01 00:11,0.246秒,浙江宁波,HTTPS,808
120.84.100.76,17-06-01 00:11,0.26秒,广东珠海,HTTPS,808
115.220.7.61,17-06-01 00:11,0.483秒,浙江宁波,HTTP,808
175.155.70.41,17-06-01 00:11,0.268秒,四川德阳,HTTPS,808
115.220.145.157,17-06-01 00:11,1.408秒,浙江宁波,HTTP,808
115.215.71.135,17-06-01 00:00,1.914秒,浙江宁波,HTTP,808
222.76.118.110,17-06-01 00:00,4.333秒,福建福州,HTTPS,808
123.163.161.111,17-06-01 00:00,0.18秒,河南三门峡,HTTPS,808
122.241.75.82,17-05-31 23:57,0.185秒,浙江丽水,HTTPS,808
175.155.142.91,17-05-31 23:55,0.28秒,四川德阳,HTTPS,808
140.224.76.253,17-05-31 23:45,0.314秒,,HTTPS,808
115.220.144.120,17-05-31 23:45,1.602秒,浙江宁波,HTTP,808
125.106.227.154,17-05-31 23:45,1.364秒,浙江衢州,HTTP,808
115.203.183.149,17-05-31 23:45,0.484秒,浙江台州,HTTP,808
120.84.100.183,17-05-31 23:45,0.244秒,广东珠海,HTTP,808
171.41.95.217,17-05-31 23:45,0.633秒,湖北,HTTP,808
117.64.239.250,17-05-31 23:45,0.179秒,安徽合肥,HTTPS,808
110.73.2.178,17-05-31 23:41,1.8秒,广西防城港,HTTP,8123
115.220.7.5,17-05-31 23:40,0.471秒,浙江宁波,HTTPS,808
218.64.92.48,17-05-31 23:34,0.597秒,江西吉安,HTTPS,808
183.153.3.207,17-05-31 23:33,3.888秒,浙江台州,HTTPS,808
121.207.80.113,17-05-31 23:33,5.002秒,福建泉州,HTTPS,808
115.215.69.95,17-05-31 23:33,0.244秒,浙江宁波,HTTPS,808
60.167.134.65,17-05-31 23:33,2.238秒,安徽芜湖,HTTPS,808
221.229.45.37,17-05-31 23:32,6.305秒,江苏扬州,HTTPS,808
113.70.146.183,17-05-31 23:30,0.338秒,广东佛山,HTTP,808
115.220.145.181,17-05-31 23:30,0.242秒,浙江宁波,HTTPS,808
115.220.147.96,17-05-31 23:28,1.953秒,浙江宁波,HTTP,808
222.95.20.182,17-05-31 23:22,1.07秒,江苏南京,HTTPS,808
183.167.167.152,17-05-31 23:22,0.238秒,安徽池州,HTTPS,808
123.169.90.1,17-05-31 23:22,5.577秒,山东淄博,HTTP,808
171.13.36.243,17-05-31 23:22,0.188秒,河南,HTTPS,808
115.192.121.144,17-05-31 23:22,0.567秒,浙江杭州,HTTPS,808
119.5.1.57,17-05-31 23:22,0.295秒,四川南充,HTTP,808
115.220.0.208,17-05-31 23:22,0.24秒,浙江宁波,HTTPS,808
114.239.151.238,17-05-31 23:22,1.305秒,江苏宿迁市泗阳县,HTTPS,808
171.38.231.193,17-05-31 23:16,6.386秒,广西钦州,HTTP,8123
59.62.127.215,17-05-31 23:15,6.839秒,江西鹰潭,HTTP,808
60.167.132.81,17-05-31 23:11,3.202秒,安徽芜湖,HTTPS,808
119.7.218.178,17-05-31 23:11,0.228秒,四川内江,HTTPS,808
125.122.23.175,17-05-31 23:11,0.769秒,浙江杭州,HTTPS,808
175.155.137.51,17-05-31 23:11,0.673秒,四川德阳,HTTPS,808
115.213.200.64,17-05-31 23:01,1.623秒,浙江丽水,HTTPS,808
117.57.184.13,17-05-31 23:00,7.13秒,安徽淮北,HTTPS,20108
110.73.6.201,17-05-31 22:55,0.734秒,广西防城港,HTTP,8123
119.254.84.90,17-05-31 22:45,1.237秒,北京,HTTP,80
115.202.166.237,17-05-31 22:44,2.25秒,浙江台州,HTTPS,808
222.129.137.121,17-05-31 22:40,5.701秒,北京,HTTP,8118
111.155.116.195,17-05-31 22:40,0.41秒,北京,HTTP,8123
49.87.73.227,17-05-31 22:30,1.816秒,江苏淮安,HTTP,28365
121.226.175.230,17-05-31 22:30,4.108秒,江苏,HTTPS,808
113.121.46.117,17-05-31 22:25,2.37秒,山东烟台,HTTP,808
113.123.24.47,17-05-31 22:23,2.356秒,山东青岛,HTTP,808
115.202.176.51,17-05-31 22:22,0.377秒,浙江台州,HTTPS,808
122.241.219.237,17-05-31 22:22,7.445秒,浙江丽水,HTTPS,808
115.202.250.229,17-05-31 22:22,0.259秒,浙江台州,HTTPS,808
115.202.191.112,17-05-31 22:22,0.394秒,浙江台州,HTTPS,808
114.239.151.201,17-05-31 22:22,4.287秒,江苏宿迁市泗阳县,HTTPS,808
175.155.137.218,17-05-31 22:22,0.401秒,四川德阳,HTTPS,808
115.202.255.71,17-05-31 22:22,0.557秒,浙江台州,HTTPS,808
119.5.218.164,17-05-31 22:22,3.618秒,四川眉山,HTTPS,808
59.151.3.43,17-05-31 22:14,0.344秒,北京,HTTP,808
61.191.56.229,17-05-31 22:13,2.652秒,安徽合肥,HTTP,1080
175.155.245.200,17-05-31 22:11,0.242秒,四川德阳,HTTPS,808
114.239.147.79,17-05-31 22:11,1.809秒,江苏宿迁市泗阳县,HTTPS,808
115.213.200.187,17-05-31 22:11,0.397秒,浙江丽水,HTTPS,808
114.230.120.163,17-05-31 22:11,1.402秒,江苏扬州,HTTPS,808
123.55.185.49,17-05-31 22:11,0.225秒,河南三门峡,HTTPS,808
122.96.59.105,17-05-31 22:00,4.039秒,江苏南京,HTTP,82
114.239.2.195,17-05-31 22:00,0.473秒,江苏宿迁,HTTP,39478
119.5.0.83,17-05-31 21:55,1.148秒,四川南充,HTTPS,808
59.62.123.218,17-05-31 21:51,3.092秒,江西鹰潭,HTTPS,808
115.220.3.25,17-05-31 21:45,0.282秒,浙江宁波,HTTP,808
125.106.224.52,17-05-31 21:45,0.757秒,浙江衢州,HTTP,808
180.118.240.157,17-05-31 21:45,0.373秒,江苏镇江,HTTP,808
1.68.175.99,17-05-31 21:44,1.116秒,山西,HTTP,808
115.203.73.22,17-05-31 21:44,1.177秒,浙江台州,HTTPS,808
183.153.34.147,17-05-31 21:33,4.317秒,浙江台州,HTTPS,808
218.64.92.213,17-05-31 21:33,2.404秒,江西吉安,HTTPS,808
60.167.134.229,17-05-31 21:33,1.437秒,安徽芜湖,HTTPS,808
175.155.24.25,17-05-31 21:30,2.445秒,四川德阳,HTTP,808
183.153.8.18,17-05-31 21:23,5.27秒,浙江台州,HTTP,808
115.220.4.87,17-05-31 21:22,7.148秒,浙江宁波,HTTPS,808
36.99.206.154,17-05-31 21:22,2.765秒,浙江,HTTPS,808
115.202.176.29,17-05-31 21:22,3.111秒,浙江台州,HTTPS,808
182.42.45.235,17-05-31 21:20,0.113秒,山东,HTTPS,808
119.5.0.101,17-05-31 21:20,0.939秒,四川南充,HTTPS,808
183.150.138.184,17-05-31 21:15,0.519秒,浙江衢州,HTTP,808
183.153.44.178,17-05-31 21:11,0.258秒,浙江台州,HTTPS,808
114.230.217.180,17-05-31 21:11,2.914秒,江苏扬州,HTTPS,808
49.86.62.29,17-05-31 21:11,0.441秒,江苏扬州,HTTPS,808
144.255.48.81,17-05-31 21:11,1.882秒,山东,HTTPS,808
113.69.61.173,17-05-31 21:11,0.544秒,广东佛山,HTTPS,808
117.25.189.243,17-05-31 21:00,0.318秒,福建厦门,HTTPS,30307
122.241.31.217,17-05-31 21:00,4.38秒,浙江丽水,HTTPS,808
27.42.185.101,17-05-31 20:54,0.218秒,广东中山,HTTPS,8118
121.61.100.79,17-05-31 20:46,0.295秒,湖北咸宁,HTTP,808
183.150.161.54,17-05-31 20:44,6.921秒,浙江衢州,HTTPS,808
175.155.247.155,17-05-31 20:44,0.895秒,四川德阳,HTTPS,808
123.55.184.71,17-05-31 20:40,0.226秒,河南三门峡,HTTPS,808
119.7.227.122,17-05-31 20:33,0.334秒,四川内江,HTTPS,808
119.7.75.73,17-05-31 20:33,2.289秒,四川德阳,HTTPS,808
220.160.10.48,17-05-31 20:33,0.396秒,福建福州,HTTPS,808
42.242.72.128,17-05-31 20:30,2.821秒,云南,HTTP,8998
221.229.47.21,17-05-31 20:30,1.369秒,江苏扬州,HTTP,808
121.63.178.111,17-05-31 20:30,0.216秒,湖北襄阳,HTTP,8998
123.55.188.233,17-05-31 20:22,0.232秒,河南三门峡,HTTPS,808
119.7.75.162,17-05-31 20:22,1.895秒,四川德阳,HTTP,808
117.43.1.109,17-05-31 20:22,0.642秒,江西九江,HTTPS,808
183.153.50.58,17-05-31 20:22,0.291秒,浙江台州,HTTPS,808
183.153.63.9,17-05-31 20:22,6.965秒,浙江台州,HTTPS,808
218.64.93.202,17-05-31 20:22,0.706秒,江西吉安,HTTPS,808
175.155.241.238,17-05-31 20:21,1.26秒,四川德阳,HTTP,808
123.163.163.242,17-05-31 20:20,0.192秒,河南三门峡,HTTPS,808
125.118.69.40,17-05-31 20:20,0.159秒,浙江杭州,HTTP,808
115.215.69.224,17-05-31 20:20,7.887秒,浙江宁波,HTTP,808
171.38.132.186,17-05-31 20:15,6.879秒,广西钦州,HTTP,8123
114.230.121.201,17-05-31 20:15,3.696秒,江苏扬州,HTTP,808
125.89.121.158,17-05-31 20:11,5.403秒,广东河源,HTTPS,808
119.5.1.3,17-05-31 20:11,0.258秒,四川南充,HTTP,808
123.163.165.148,17-05-31 20:01,0.243秒,河南三门峡,HTTP,808
113.121.42.62,17-05-31 20:00,1.785秒,山东烟台,HTTP,22897
222.89.82.253,17-05-31 20:00,3.441秒,河南新乡,HTTP,25009
180.113.82.61,17-05-31 20:00,1.58秒,江苏无锡,HTTPS,42813
123.55.179.168,17-05-31 20:00,6.441秒,河南三门峡,HTTPS,808
110.73.8.101,17-05-31 20:00,4.949秒,广西防城港,HTTP,8123
115.213.253.192,17-05-31 19:55,2.536秒,浙江丽水,HTTPS,808
115.213.200.139,17-05-31 19:55,6.943秒,浙江丽水,HTTPS,808
114.239.144.17,17-05-31 19:55,0.214秒,江苏宿迁市泗阳县,HTTP,808
60.178.87.208,17-05-31 19:52,0.416秒,浙江宁波,HTTPS,808
175.155.224.101,17-05-31 19:52,0.283秒,四川德阳,HTTPS,808
116.28.118.202,17-05-31 19:51,0.28秒,广东中山,HTTPS,808
125.92.32.183,17-05-31 19:51,0.427秒,广东江门,HTTPS,808
59.62.123.177,17-05-31 19:51,2.836秒,江西鹰潭,HTTPS,808
182.38.21.75,17-05-31 19:46,7.669秒,山东威海,HTTP,808
49.86.62.241,17-05-31 19:45,4.664秒,江苏扬州,HTTPS,808
114.239.148.9,17-05-31 19:45,1.453秒,江苏宿迁市泗阳县,HTTP,808
115.203.65.48,17-05-31 19:44,6.412秒,浙江台州,HTTPS,808
122.241.72.2,17-05-31 19:40,3.477秒,浙江丽水,HTTPS,808
123.163.163.34,17-05-31 19:40,0.204秒,河南三门峡,HTTPS,808
1.28.52.220,17-05-31 19:31,2.59秒,内蒙古,HTTPS,80
119.5.0.62,17-05-31 19:23,0.321秒,四川南充,HTTP,808
122.241.75.20,17-05-31 19:11,0.258秒,浙江丽水,HTTPS,808
113.69.61.88,17-05-31 19:11,1.178秒,广东佛山,HTTPS,808
182.88.41.180,17-05-31 19:04,6.592秒,广西南宁,HTTPS,8123
115.203.67.46,17-05-31 19:01,2.378秒,浙江台州,HTTPS,808
120.83.120.230,17-05-31 19:01,3.375秒,广东揭阳市普宁,HTTPS,808
121.204.102.33,17-05-31 18:55,1.0秒,福建福州,HTTPS,808
180.121.134.57,17-05-31 18:55,6.634秒,江苏南通,HTTPS,808
60.182.194.153,17-05-31 18:55,0.427秒,浙江金华,HTTPS,808
59.62.124.94,17-05-31 18:55,1.031秒,江西鹰潭,HTTPS,808
183.153.51.162,17-05-31 18:51,0.208秒,浙江台州,HTTPS,808
115.213.203.217,17-05-31 18:44,3.443秒,浙江丽水,HTTPS,808
115.202.176.61,17-05-31 18:44,6.568秒,浙江台州,HTTPS,808
122.245.66.82,17-05-31 18:43,0.224秒,浙江宁波,HTTPS,808
119.7.87.171,17-05-31 18:40,2.145秒,四川,HTTPS,808
123.169.91.210,17-05-31 18:33,0.634秒,山东淄博,HTTPS,808
115.213.202.233,17-05-31 18:33,0.253秒,浙江丽水,HTTPS,808
183.153.51.240,17-05-31 18:33,0.324秒,浙江台州,HTTPS,808
183.153.61.113,17-05-31 18:33,0.25秒,浙江台州,HTTPS,808
183.153.38.148,17-05-31 18:33,0.398秒,浙江台州,HTTPS,808
183.153.49.109,17-05-31 18:33,0.227秒,浙江台州,HTTPS,808
1.199.194.8,17-05-31 18:33,0.246秒,河南新乡,HTTPS,808
114.239.151.167,17-05-31 18:33,0.356秒,江苏宿迁市泗阳县,HTTPS,808
115.202.165.198,17-05-31 18:33,7.233秒,浙江台州,HTTPS,808
58.221.190.50,17-05-31 18:31,7.565秒,江苏南通,HTTPS,80
1.194.191.181,17-05-31 18:31,1.603秒,河南平顶山,HTTPS,808
112.192.33.28,17-05-31 18:30,0.892秒,四川达州,HTTP,808
112.192.33.91,17-05-31 18:30,1.94秒,四川达州,HTTP,808
180.110.6.152,17-05-31 18:30,4.6秒,江苏南京,HTTP,808
171.80.157.26,17-05-31 18:30,4.173秒,,HTTP,808
180.110.18.141,17-05-31 18:30,0.25秒,江苏南京,HTTPS,808
171.211.32.13,17-05-31 18:22,0.481秒,四川德阳,HTTPS,808
115.46.89.98,17-05-31 18:22,5.87秒,广西南宁,HTTPS,8123
123.163.167.19,17-05-31 18:22,0.204秒,河南三门峡,HTTPS,808
123.163.161.22,17-05-31 18:22,0.169秒,河南三门峡,HTTPS,808
115.215.69.16,17-05-31 18:20,3.191秒,浙江宁波,HTTPS,808
111.76.226.233,17-05-31 18:16,1.076秒,江西南昌,HTTP,808
115.151.0.24,17-05-31 18:15,4.883秒,江西宜春,HTTP,808
221.229.46.6,17-05-31 18:15,0.264秒,江苏扬州,HTTPS,808
114.88.82.8,17-05-31 18:15,0.137秒,上海,HTTP,8118
114.239.150.216,17-05-31 18:15,4.15秒,江苏宿迁市泗阳县,HTTP,808
120.83.100.1,17-05-31 18:11,0.654秒,广东揭阳市普宁,HTTPS,808
111.72.230.144,17-05-31 18:11,3.873秒,江西鹰潭,HTTPS,808
125.106.248.128,17-05-31 18:11,0.406秒,浙江衢州,HTTPS,808
113.58.232.54,17-05-31 18:11,1.091秒,海南海口,HTTPS,808
115.203.84.79,17-05-31 18:02,1.246秒,浙江台州,HTTPS,808
221.229.46.83,17-05-31 18:02,0.181秒,江苏扬州,HTTPS,808
110.73.4.122,17-05-31 18:01,4.301秒,广西防城港,HTTP,8123
115.220.6.233,17-05-31 18:01,0.444秒,浙江宁波,HTTPS,808
113.69.60.146,17-05-31 18:00,7.241秒,广东佛山,HTTP,808
121.226.170.195,17-05-31 18:00,0.193秒,江苏,HTTPS,24270
180.122.20.188,17-05-31 18:00,0.145秒,江苏泰州,HTTPS,47238
175.155.155.50,17-05-31 18:00,4.889秒,四川德阳,HTTP,808
114.226.100.3,17-05-31 17:55,1.031秒,江苏常州,HTTPS,808
114.239.146.193,17-05-31 17:55,0.702秒,江苏宿迁市泗阳县,HTTPS,808
114.239.149.211,17-05-31 17:55,0.48秒,江苏宿迁市泗阳县,HTTPS,808
114.239.148.99,17-05-31 17:55,0.481秒,江苏宿迁市泗阳县,HTTPS,808
114.239.3.19,17-05-31 17:55,0.631秒,江苏宿迁,HTTPS,808
122.245.65.59,17-05-31 17:52,1.959秒,浙江宁波,HTTPS,808
111.155.116.239,17-05-31 17:51,1.682秒,北京,HTTP,8123
115.213.202.133,17-05-31 17:45,3.359秒,浙江丽水,HTTP,808
60.184.197.56,17-05-31 17:42,0.263秒,浙江丽水,HTTPS,808
125.81.184.135,17-05-31 17:34,1.915秒,重庆,HTTP,8123
123.55.179.53,17-05-31 17:33,0.305秒,河南三门峡,HTTPS,808
114.232.153.31,17-05-31 17:33,2.509秒,江苏南通,HTTPS,808
113.121.182.214,17-05-31 17:30,0.47秒,山东,HTTPS,808
115.213.202.63,17-05-31 17:30,0.557秒,浙江丽水,HTTP,808
180.112.22.245,17-05-31 17:30,1.57秒,江苏无锡,HTTP,39153
60.167.134.244,17-05-31 17:30,5.535秒,安徽芜湖,HTTP,808
121.234.213.83,17-05-31 17:30,0.206秒,江苏淮安,HTTP,808
115.213.201.250,17-05-31 17:24,0.396秒,浙江丽水,HTTP,808
111.165.40.214,17-05-31 17:20,1.128秒,天津,HTTP,8118
114.239.144.7,17-05-31 17:15,4.601秒,江苏宿迁市泗阳县,HTTP,808
221.229.47.3,17-05-31 17:15,3.129秒,江苏扬州,HTTPS,808
115.213.201.157,17-05-31 17:15,4.348秒,浙江丽水,HTTP,808
115.213.200.136,17-05-31 17:15,0.256秒,浙江丽水,HTTP,808
115.213.231.231,17-05-31 17:11,0.266秒,浙江丽水,HTTPS,808
113.121.47.107,17-05-31 17:11,2.994秒,山东烟台,HTTPS,808
117.91.138.187,17-05-31 17:11,0.17秒,江苏扬州,HTTPS,808
115.213.245.207,17-05-31 17:11,0.26秒,浙江丽水,HTTPS,808
115.213.225.163,17-05-31 17:11,2.829秒,浙江丽水,HTTPS,808
115.213.224.65,17-05-31 17:11,0.333秒,浙江丽水,HTTPS,808
117.85.151.3,17-05-31 17:10,0.188秒,江苏无锡,HTTPS,808
122.245.65.152,17-05-31 17:10,3.408秒,浙江宁波,HTTPS,808
123.55.185.14,17-05-31 17:10,3.252秒,河南三门峡,HTTPS,808
125.120.222.110,17-05-31 17:02,0.382秒,浙江杭州,HTTPS,808
171.39.40.151,17-05-31 17:02,1.98秒,广西百色,HTTPS,8123
119.5.169.20,17-05-31 17:00,3.973秒,四川,HTTPS,808
122.241.74.184,17-05-31 17:00,7.644秒,浙江丽水,HTTPS,808
123.169.85.205,17-05-31 17:00,5.417秒,山东淄博,HTTPS,808
123.55.179.166,17-05-31 16:55,0.298秒,河南三门峡,HTTPS,808
115.212.60.78,17-05-31 16:55,4.284秒,浙江金华,HTTPS,808
115.212.56.108,17-05-31 16:55,0.257秒,浙江金华,HTTPS,808
115.207.83.149,17-05-31 16:52,0.343秒,浙江衢州,HTTPS,808
115.215.70.27,17-05-31 16:50,1.356秒,浙江宁波,HTTPS,808
182.43.140.32,17-05-31 16:45,2.651秒,山东,HTTP,808
121.226.153.67,17-05-31 16:44,0.846秒,江苏盐城,HTTPS,808
115.202.168.181,17-05-31 16:44,1.183秒,浙江台州,HTTPS,808
60.184.175.242,17-05-31 16:44,1.454秒,浙江丽水,HTTPS,808
182.87.183.30,17-05-31 16:44,2.005秒,江西,HTTPS,808
171.37.167.96,17-05-31 16:41,4.206秒,广西,HTTP,8123
115.203.171.38,17-05-31 16:33,1.563秒,浙江台州,HTTPS,808
27.197.183.133,17-05-31 16:33,0.095秒,山东临沂,HTTP,8118
175.155.241.194,17-05-31 16:30,0.278秒,四川德阳,HTTPS,808
171.38.182.9,17-05-31 16:22,7.137秒,广西钦州,HTTPS,8123
113.70.148.167,17-05-31 16:22,3.6秒,广东佛山,HTTPS,808
171.37.194.211,17-05-31 16:22,0.455秒,广西,HTTPS,8123
123.169.91.238,17-05-31 16:16,1.144秒,山东淄博,HTTP,808
117.91.138.206,17-05-31 16:16,4.975秒,江苏扬州,HTTPS,808
117.91.138.79,17-05-31 16:16,3.269秒,江苏扬州,HTTP,808
113.121.166.140,17-05-31 16:11,2.068秒,山东,HTTPS,808
121.31.78.124,17-05-31 16:11,0.258秒,广西梧州,HTTPS,8123
114.239.151.203,17-05-31 16:11,0.211秒,江苏宿迁市泗阳县,HTTP,808
121.31.85.96,17-05-31 16:11,0.297秒,广西梧州,HTTPS,8123
123.169.90.7,17-05-31 16:11,7.037秒,山东淄博,HTTPS,808
119.7.73.41,17-05-31 16:11,1.245秒,四川德阳,HTTPS,808
121.61.96.128,17-05-31 16:11,3.313秒,湖北咸宁,HTTPS,808
60.184.117.155,17-05-31 16:00,0.168秒,浙江丽水,HTTPS,808
114.230.218.183,17-05-31 15:59,7.656秒,江苏扬州,HTTP,808
221.229.47.209,17-05-31 15:55,0.402秒,江苏扬州,HTTPS,808
175.155.25.30,17-05-31 15:52,0.278秒,四川德阳,HTTP,808
115.202.184.37,17-05-31 15:45,2.439秒,浙江台州,HTTP,808
223.241.55.95,17-05-31 15:44,2.45秒,安徽芜湖,HTTPS,808
218.91.95.53,17-05-31 15:44,1.488秒,江苏扬州,HTTPS,808
125.122.94.112,17-05-31 15:41,3.038秒,浙江杭州,HTTP,808
202.121.96.33,17-05-31 15:41,0.594秒,上海,HTTP,8086
101.205.80.130,17-05-31 15:41,1.039秒,四川,HTTPS,808
175.155.25.9,17-05-31 15:40,0.522秒,四川德阳,HTTP,808
183.128.176.127,17-05-31 15:40,4.216秒,浙江杭州,HTTPS,808
49.86.62.138,17-05-31 15:40,4.112秒,江苏扬州,HTTP,808
115.213.203.181,17-05-31 15:33,0.282秒,浙江丽水,HTTPS,808
115.220.5.189,17-05-31 15:32,4.477秒,浙江宁波,HTTP,808
117.43.42.170,17-05-31 15:31,2.618秒,江西鹰潭,HTTP,808
119.5.1.84,17-05-31 15:30,1.503秒,四川南充,HTTP,808
101.206.44.172,17-05-31 15:30,4.385秒,四川,HTTPS,808
123.55.177.210,17-05-31 15:22,3.362秒,河南三门峡,HTTPS,808
115.220.147.117,17-05-31 15:22,1.493秒,浙江宁波,HTTP,808
101.206.131.43,17-05-31 15:22,1.479秒,四川,HTTPS,808
116.249.5.222,17-05-31 15:18,0.359秒,云南,HTTP,8998
180.118.243.28,17-05-31 15:15,0.438秒,江苏镇江,HTTP,808
180.110.7.235,17-05-31 15:15,0.924秒,江苏南京,HTTP,808
218.64.92.49,17-05-31 15:15,0.482秒,江西吉安,HTTP,808
218.64.93.180,17-05-31 15:15,0.472秒,江西吉安,HTTP,808
180.122.157.224,17-05-31 15:11,0.476秒,江苏泰州,HTTPS,22059
114.239.147.192,17-05-31 15:11,0.561秒,江苏宿迁市泗阳县,HTTPS,808
123.169.86.201,17-05-31 15:11,1.864秒,山东淄博,HTTP,808
121.206.32.56,17-05-31 15:11,0.348秒,福建漳州,HTTPS,808
121.206.17.98,17-05-31 15:11,0.313秒,福建漳州,HTTPS,808
106.58.123.248,17-05-31 15:07,0.577秒,云南,HTTPS,80
115.204.34.27,17-05-31 15:00,4.576秒,浙江杭州,HTTPS,26658
115.221.125.197,17-05-31 15:00,0.422秒,浙江温州,HTTPS,40236
115.203.75.113,17-05-31 14:55,7.753秒,浙江台州,HTTPS,808
144.255.122.116,17-05-31 14:55,2.76秒,山东,HTTPS,808
175.155.25.59,17-05-31 14:50,0.365秒,四川德阳,HTTP,808
121.204.102.92,17-05-31 14:47,1.678秒,福建福州,HTTPS,808
175.155.240.199,17-05-31 14:45,1.421秒,四川德阳,HTTPS,808
119.5.0.53,17-05-31 14:45,1.004秒,四川南充,HTTP,808
119.5.1.4,17-05-31 14:45,1.594秒,四川南充,HTTP,808
117.91.138.81,17-05-31 14:44,3.124秒,江苏扬州,HTTPS,808
60.178.86.238,17-05-31 14:40,0.675秒,浙江宁波,HTTPS,808
119.7.76.65,17-05-31 14:40,1.519秒,四川德阳,HTTPS,808
115.220.3.117,17-05-31 14:35,1.0秒,浙江宁波,HTTPS,808
222.243.147.86,17-05-31 14:33,0.237秒,湖南湘潭,HTTPS,80
115.202.182.167,17-05-31 14:33,1.32秒,浙江台州,HTTPS,808
113.69.255.123,17-05-31 14:33,7.376秒,广东佛山,HTTPS,808
114.99.14.45,17-05-31 14:33,6.982秒,安徽安庆,HTTPS,808
114.239.147.24,17-05-31 14:33,5.106秒,江苏宿迁市泗阳县,HTTP,808
115.220.149.255,17-05-31 14:33,0.5秒,浙江宁波,HTTP,808
115.220.1.148,17-05-31 14:32,5.175秒,浙江宁波,HTTPS,808
171.38.154.149,17-05-31 14:31,7.287秒,广西钦州,HTTP,8123
114.227.38.118,17-05-31 14:31,0.241秒,江苏常州,HTTPS,808
175.154.50.69,17-05-31 14:22,0.263秒,四川德阳,HTTPS,808
115.203.67.182,17-05-31 14:22,0.332秒,浙江台州,HTTPS,808
180.110.18.229,17-05-31 14:21,0.303秒,江苏南京,HTTPS,808
171.11.228.138,17-05-31 14:16,6.767秒,河南,HTTP,808
171.39.238.201,17-05-31 14:16,0.386秒,广西,HTTP,8123
111.76.226.144,17-05-31 14:11,0.223秒,江西南昌,HTTPS,808
175.155.154.77,17-05-31 14:11,3.134秒,四川德阳,HTTPS,808
117.43.0.254,17-05-31 14:11,0.888秒,江西九江,HTTP,808
120.83.143.28,17-05-31 14:11,1.079秒,广东佛山,HTTPS,808
182.38.107.139,17-05-31 14:11,0.711秒,山东,HTTPS,808
115.192.74.211,17-05-31 14:11,0.372秒,浙江杭州,HTTPS,808
113.123.127.135,17-05-31 14:03,0.245秒,山东滨州,HTTPS,808
60.186.156.94,17-05-31 14:00,2.146秒,浙江杭州,HTTPS,30375
115.215.70.106,17-05-31 13:55,0.221秒,浙江宁波,HTTP,808
115.220.5.22,17-05-31 13:55,1.003秒,浙江宁波,HTTPS,808
175.155.246.85,17-05-31 13:53,1.898秒,四川德阳,HTTPS,808
115.203.89.181,17-05-31 13:52,0.534秒,浙江台州,HTTPS,808
175.155.24.44,17-05-31 13:50,0.235秒,四川德阳,HTTP,808
60.184.174.128,17-05-31 13:50,0.458秒,浙江丽水,HTTPS,808
119.5.0.45,17-05-31 13:48,1.479秒,四川南充,HTTP,808
175.155.226.36,17-05-31 13:45,2.215秒,四川德阳,HTTPS,808
175.155.242.88,17-05-31 13:45,0.386秒,四川德阳,HTTPS,808
121.40.40.182,17-05-31 13:45,6.784秒,辽宁鞍山,HTTP,80
113.69.252.78,17-05-31 13:45,2.52秒,广东佛山,HTTP,808
119.5.1.37,17-05-31 13:44,0.788秒,四川南充,HTTP,808
221.229.47.152,17-05-31 13:44,6.232秒,江苏扬州,HTTP,808
60.178.85.26,17-05-31 13:33,2.024秒,浙江宁波,HTTPS,808
123.169.88.86,17-05-31 13:33,0.283秒,山东淄博,HTTP,808
115.220.148.135,17-05-31 13:26,1.037秒,浙江宁波,HTTP,808
115.213.202.81,17-05-31 13:22,1.247秒,浙江丽水,HTTPS,808
60.178.87.94,17-05-31 13:22,1.402秒,浙江宁波,HTTPS,808
114.99.4.4,17-05-31 13:22,3.856秒,安徽安庆,HTTPS,808
115.207.38.128,17-05-31 13:22,6.192秒,浙江衢州,HTTPS,808
123.169.89.247,17-05-31 13:21,0.344秒,山东淄博,HTTPS,8118
27.28.107.38,17-05-31 13:20,0.157秒,湖北,HTTPS,8118
115.202.165.150,17-05-31 13:20,0.879秒,浙江台州,HTTPS,808
119.5.0.119,17-05-31 13:20,1.162秒,四川南充,HTTP,808
60.167.134.248,17-05-31 13:11,0.267秒,安徽芜湖,HTTPS,808
59.62.99.90,17-05-31 13:11,0.262秒,江西鹰潭,HTTPS,808
119.7.79.165,17-05-31 13:11,0.294秒,四川德阳,HTTPS,808
122.241.29.212,17-05-31 13:11,1.385秒,浙江丽水,HTTPS,808
36.99.215.167,17-05-31 13:11,0.358秒,浙江,HTTPS,808
120.83.122.175,17-05-31 13:11,0.255秒,广东揭阳,HTTPS,808
182.35.123.75,17-05-31 13:01,4.169秒,山东泰安,HTTPS,23935
175.155.25.8,17-05-31 13:01,1.07秒,四川德阳,HTTP,808
115.220.7.40,17-05-31 13:00,0.225秒,浙江宁波,HTTPS,808
123.163.80.123,17-05-31 13:00,1.425秒,河南新乡,HTTPS,808
115.220.147.1,17-05-31 12:55,0.28秒,浙江宁波,HTTP,808
183.153.38.194,17-05-31 12:45,1.542秒,浙江台州,HTTP,808
39.89.187.17,17-05-31 12:45,1.307秒,山东,HTTP,808
183.153.14.28,17-05-31 12:44,4.095秒,浙江台州,HTTPS,808
221.229.46.96,17-05-31 12:41,0.236秒,江苏扬州,HTTPS,808
175.155.25.7,17-05-31 12:40,0.249秒,四川德阳,HTTP,808
115.220.2.39,17-05-31 12:33,1.142秒,浙江宁波,HTTPS,808
114.239.150.217,17-05-31 12:33,3.122秒,江苏宿迁市泗阳县,HTTPS,808
120.32.0.2,17-05-31 12:33,1.123秒,福建福州,HTTPS,808
115.215.71.110,17-05-31 12:30,1.567秒,浙江宁波,HTTP,808
115.220.147.216,17-05-31 12:30,0.225秒,浙江宁波,HTTPS,808
175.155.25.32,17-05-31 12:30,0.249秒,四川德阳,HTTP,808
122.245.69.98,17-05-31 12:22,0.336秒,浙江宁波,HTTPS,808
60.173.35.111,17-05-31 12:22,2.839秒,安徽铜陵,HTTPS,808
49.86.62.250,17-05-31 12:22,0.378秒,江苏扬州,HTTPS,808
123.169.88.110,17-05-31 12:22,5.444秒,山东淄博,HTTPS,808
120.83.98.116,17-05-31 12:22,1.845秒,广东揭阳市普宁,HTTPS,808
183.153.33.253,17-05-31 12:22,1.406秒,浙江台州,HTTPS,808
119.7.76.216,17-05-31 12:20,0.395秒,四川德阳,HTTP,808
222.76.118.63,17-05-31 12:16,0.296秒,福建福州,HTTP,808
222.95.17.241,17-05-31 12:15,3.291秒,江苏南京,HTTP,808
183.153.2.205,17-05-31 12:15,1.416秒,浙江台州,HTTP,808
175.155.24.123,17-05-31 12:13,0.26秒,四川德阳,HTTP,808
59.62.113.39,17-05-31 12:11,4.181秒,江西鹰潭,HTTPS,808
171.13.37.100,17-05-31 12:11,0.895秒,河南,HTTP,808
116.28.118.7,17-05-31 12:11,3.291秒,广东中山,HTTPS,808
123.55.187.120,17-05-31 12:11,0.256秒,河南三门峡,HTTPS,808
123.169.84.252,17-05-31 12:11,5.46秒,山东淄博,HTTPS,808
175.155.141.193,17-05-31 12:11,0.262秒,四川德阳,HTTPS,808
175.155.25.89,17-05-31 12:11,0.308秒,四川德阳,HTTP,808
115.46.66.119,17-05-31 12:11,0.291秒,广西南宁,HTTPS,8123
119.5.1.93,17-05-31 12:11,0.934秒,四川南充,HTTP,808
114.239.149.148,17-05-31 12:11,2.587秒,江苏宿迁市泗阳县,HTTPS,808
119.5.0.96,17-05-31 12:09,0.232秒,四川南充,HTTP,808
114.99.23.251,17-05-31 12:00,4.394秒,安徽安庆,HTTPS,808
175.155.246.249,17-05-31 12:00,1.429秒,四川德阳,HTTP,808
115.202.161.113,17-05-31 11:55,7.146秒,浙江台州,HTTPS,808
115.220.146.150,17-05-31 11:50,0.25秒,浙江宁波,HTTPS,808
119.7.79.131,17-05-31 11:50,0.733秒,四川德阳,HTTP,808
221.229.47.148,17-05-31 11:46,0.194秒,江苏扬州,HTTP,808
36.26.153.7,17-05-31 11:45,6.425秒,浙江,HTTP,808
120.34.43.40,17-05-31 11:45,5.491秒,福建漳州,HTTP,808
175.155.245.170,17-05-31 11:44,0.93秒,四川德阳,HTTPS,808
123.169.88.211,17-05-31 11:44,0.654秒,山东淄博,HTTPS,808
115.220.145.238,17-05-31 11:44,0.348秒,浙江宁波,HTTP,9999
117.43.0.217,17-05-31 11:44,0.532秒,江西九江,HTTPS,808
58.214.16.98,17-05-31 11:41,0.684秒,江苏无锡,HTTPS,80
221.229.45.74,17-05-31 11:37,0.231秒,江苏扬州,HTTP,808
175.155.25.83,17-05-31 11:33,0.238秒,四川德阳,HTTPS,808
175.155.229.58,17-05-31 11:33,1.424秒,四川德阳,HTTPS,808
119.7.227.49,17-05-31 11:33,4.268秒,四川内江,HTTPS,808
180.118.243.44,17-05-31 11:33,0.213秒,江苏镇江,HTTPS,808
183.153.16.144,17-05-31 11:31,1.467秒,浙江台州,HTTP,808
114.239.151.149,17-05-31 11:31,3.903秒,江苏宿迁市泗阳县,HTTP,808
113.123.61.34,17-05-31 11:31,0.172秒,山东威海,HTTP,808
111.155.116.220,17-05-31 11:30,3.97秒,北京,HTTP,8123
110.73.6.188,17-05-31 11:28,0.383秒,广西防城港,HTTP,8123
180.126.169.28,17-05-31 11:24,0.143秒,江苏盐城,HTTP,8118
115.213.202.80,17-05-31 11:22,3.417秒,浙江丽水,HTTPS,808
123.55.185.12,17-05-31 11:22,0.269秒,河南三门峡,HTTPS,808
112.194.173.84,17-05-31 11:22,0.242秒,四川南充,HTTPS,808
183.153.16.73,17-05-31 11:22,1.08秒,浙江台州,HTTPS,808
115.220.4.167,17-05-31 11:22,0.204秒,浙江宁波,HTTPS,808
59.62.119.248,17-05-31 11:22,1.649秒,江西鹰潭,HTTPS,808
119.5.0.153,17-05-31 11:22,1.183秒,四川南充,HTTPS,808
115.203.78.83,17-05-31 11:15,4.321秒,浙江台州,HTTP,808
123.163.160.250,17-05-31 11:15,0.22秒,河南三门峡,HTTP,808
183.153.2.155,17-05-31 11:11,0.424秒,浙江台州,HTTPS,808
183.153.8.165,17-05-31 11:11,0.24秒,浙江台州,HTTPS,808
115.213.229.219,17-05-31 11:11,1.516秒,浙江丽水,HTTPS,808
183.153.28.53,17-05-31 11:11,0.22秒,浙江台州,HTTPS,808
183.153.31.65,17-05-31 11:11,0.473秒,浙江台州,HTTPS,808
119.7.74.95,17-05-31 11:11,0.617秒,四川德阳,HTTPS,808
119.7.73.36,17-05-31 11:11,0.512秒,四川德阳,HTTPS,808
27.24.178.106,17-05-31 11:11,0.252秒,江苏常州,HTTPS,808
119.5.1.112,17-05-31 11:10,1.054秒,四川南充,HTTP,808
180.109.26.234,17-05-31 11:00,3.496秒,江苏南京,HTTP,808
119.5.0.161,17-05-31 11:00,0.448秒,四川南充,HTTP,808
122.244.52.102,17-05-31 11:00,0.508秒,浙江宁波,HTTPS,808
114.239.2.120,17-05-31 11:00,7.427秒,江苏宿迁,HTTPS,808
175.155.243.20,17-05-31 11:00,1.767秒,四川德阳,HTTPS,808
122.241.73.37,17-05-31 11:00,3.256秒,浙江丽水,HTTPS,808
175.155.243.10,17-05-31 11:00,1.975秒,四川德阳,HTTP,808
125.89.123.76,17-05-31 10:55,6.132秒,广东河源,HTTPS,808
123.160.175.174,17-05-31 10:55,0.449秒,河南郑州,HTTPS,8118
36.249.29.209,17-05-31 10:51,0.337秒,福建泉州,HTTPS,808
61.143.158.238,17-05-31 10:50,2.256秒,广东揭阳,HTTP,808
60.178.85.186,17-05-31 10:50,7.657秒,浙江宁波,HTTPS,808
119.7.77.155,17-05-31 10:45,0.253秒,四川德阳,HTTPS,808
222.85.39.33,17-05-31 10:44,1.104秒,河南平顶山,HTTP,808
115.220.145.103,17-05-31 10:44,1.101秒,浙江宁波,HTTPS,808
115.202.167.56,17-05-31 10:33,0.212秒,浙江台州,HTTPS,808
120.8.140.227,17-05-31 10:32,0.341秒,河北邯郸,HTTPS,8080
113.122.158.78,17-05-31 10:30,3.258秒,山东日照,HTTP,808
113.122.48.169,17-05-31 10:30,2.849秒,山东菏泽,HTTP,808
119.7.75.174,17-05-31 10:30,1.521秒,四川德阳,HTTP,808
115.220.144.121,17-05-31 10:22,1.554秒,浙江宁波,HTTPS,808
115.203.78.237,17-05-31 10:22,4.408秒,浙江台州,HTTPS,808
110.73.5.163,17-05-31 10:22,0.242秒,广西防城港,HTTP,8123
175.155.245.72,17-05-31 10:22,2.287秒,四川德阳,HTTPS,808
182.35.219.197,17-05-31 10:22,0.704秒,山东德州,HTTPS,808
115.220.149.239,17-05-31 10:20,0.498秒,浙江宁波,HTTP,808
122.10.190.66,17-05-31 10:20,1.295秒,,HTTP,808
175.155.24.14,17-05-31 10:20,0.283秒,四川德阳,HTTP,808
115.220.150.46,17-05-31 10:15,0.291秒,浙江宁波,HTTPS,808
123.163.167.13,17-05-31 10:11,0.163秒,河南三门峡,HTTPS,808
111.72.244.70,17-05-31 10:11,0.425秒,江西鹰潭,HTTPS,808
114.230.234.55,17-05-31 10:11,3.243秒,江苏扬州,HTTPS,808
60.178.85.177,17-05-31 10:11,0.224秒,浙江宁波,HTTPS,808
123.169.91.240,17-05-31 10:11,1.245秒,山东淄博,HTTPS,808
222.94.146.26,17-05-31 10:11,0.513秒,江苏南京,HTTPS,808
123.55.189.46,17-05-31 10:10,0.321秒,河南三门峡,HTTP,808
121.226.154.130,17-05-31 10:00,0.206秒,江苏盐城,HTTPS,808
182.37.92.103,17-05-31 09:11,5.599秒,山东日照,HTTPS,808
36.249.26.95,17-05-31 09:11,2.412秒,福建泉州,HTTPS,808
119.5.1.22,17-05-31 09:11,0.337秒,四川南充,HTTP,808
119.7.78.52,17-05-31 09:11,0.227秒,四川德阳,HTTPS,808
123.163.162.132,17-05-31 09:11,0.194秒,河南三门峡,HTTP,808
175.155.139.108,17-05-31 09:10,5.436秒,四川德阳,HTTPS,808
115.46.81.196,17-05-31 09:01,0.35秒,广西南宁,HTTPS,80
112.195.102.98,17-05-31 09:00,0.28秒,四川自贡,HTTPS,8118
123.154.130.74,17-05-31 09:00,1.165秒,浙江温州,HTTPS,8118
115.220.150.89,17-05-31 08:55,4.584秒,浙江宁波,HTTPS,808
222.95.23.36,17-05-31 08:55,7.622秒,江苏南京,HTTPS,808
175.155.243.37,17-05-31 08:53,0.284秒,四川德阳,HTTP,808
115.220.147.249,17-05-31 08:35,3.791秒,浙江宁波,HTTP,808
221.229.45.182,17-05-31 08:34,0.21秒,江苏扬州,HTTPS,808
115.220.2.130,17-05-31 08:30,1.342秒,浙江宁波,HTTP,808
175.155.240.194,17-05-31 08:30,0.45秒,四川德阳,HTTP,808
115.220.146.157,17-05-31 08:30,1.604秒,浙江宁波,HTTP,808
119.5.0.6,17-05-31 08:30,0.237秒,四川南充,HTTP,808
117.91.138.148,17-05-31 08:22,5.837秒,江苏扬州,HTTPS,808
175.155.143.91,17-05-31 08:22,2.048秒,四川德阳,HTTPS,808
115.202.162.240,17-05-31 08:22,6.469秒,浙江台州,HTTPS,808
115.220.1.109,17-05-31 08:22,0.643秒,浙江宁波,HTTPS,808
115.215.70.178,17-05-31 08:22,1.736秒,浙江宁波,HTTP,808
123.169.88.60,17-05-31 08:22,2.857秒,山东淄博,HTTPS,808
119.7.82.215,17-05-31 08:22,1.216秒,四川,HTTPS,808
218.64.92.108,17-05-31 08:20,0.263秒,江西吉安,HTTPS,808
117.43.1.15,17-05-31 08:17,2.102秒,江西九江,HTTPS,808
171.38.167.10,17-05-31 08:15,0.779秒,广西钦州,HTTP,8123
115.202.191.2,17-05-31 08:13,1.842秒,浙江台州,HTTPS,808
114.239.145.162,17-05-31 08:11,0.207秒,江苏宿迁市泗阳县,HTTP,808
114.239.1.150,17-05-31 08:11,0.202秒,江苏宿迁,HTTPS,808
59.62.112.8,17-05-31 08:11,0.452秒,江西鹰潭,HTTPS,808
180.118.242.240,17-05-31 08:11,3.805秒,江苏镇江,HTTPS,808
114.99.0.157,17-05-31 08:11,0.264秒,安徽安庆,HTTPS,808
113.58.232.65,17-05-31 08:11,6.283秒,海南海口,HTTPS,808
123.55.184.18,17-05-31 08:10,3.674秒,河南三门峡,HTTPS,808
175.155.138.248,17-05-31 08:01,4.717秒,四川德阳,HTTP,808
122.6.80.240,17-05-31 08:01,0.326秒,山东日照,HTTP,808
123.55.191.196,17-05-31 08:01,0.393秒,河南三门峡,HTTP,808
36.249.31.184,17-05-31 08:00,1.079秒,福建泉州,HTTPS,808
175.155.244.132,17-05-31 08:00,1.369秒,四川德阳,HTTPS,808
49.86.62.155,17-05-31 07:55,0.21秒,江苏扬州,HTTP,808
27.204.232.26,17-05-31 07:55,1.592秒,山东滨州,HTTPS,808
117.43.1.210,17-05-31 07:55,1.578秒,江西九江,HTTPS,808
117.91.138.201,17-05-31 07:55,0.188秒,江苏扬州,HTTPS,808
121.226.172.98,17-05-31 07:55,1.241秒,江苏,HTTPS,808
125.109.198.70,17-05-31 07:50,1.95秒,浙江温州,HTTP,808
115.202.167.131,17-05-31 07:45,0.217秒,浙江台州,HTTPS,808
122.241.206.26,17-05-31 07:44,0.232秒,浙江丽水,HTTPS,808
60.182.194.162,17-05-31 07:44,7.28秒,浙江金华,HTTPS,808
182.35.210.142,17-05-31 07:42,0.645秒,山东德州,HTTPS,808
218.64.92.82,17-05-31 07:41,2.687秒,江西吉安,HTTPS,808
125.118.68.255,17-05-31 07:41,0.26秒,浙江杭州,HTTP,808
221.229.47.129,17-05-31 07:33,0.248秒,江苏扬州,HTTPS,808
125.105.17.228,17-05-31 07:33,7.903秒,浙江衢州,HTTPS,808
123.55.189.133,17-05-31 07:30,0.26秒,河南三门峡,HTTPS,808
115.202.168.190,17-05-31 07:22,4.022秒,浙江台州,HTTPS,808
113.69.254.192,17-05-31 07:22,0.557秒,广东佛山,HTTPS,808
61.178.238.122,17-05-31 07:21,0.338秒,甘肃兰州市城关区,HTTP,63000
222.76.118.101,17-05-31 07:16,4.549秒,福建福州,HTTP,808
180.110.17.1,17-05-31 07:15,0.222秒,江苏南京,HTTP,808
115.202.170.31,17-05-31 07:15,0.856秒,浙江台州,HTTP,808
114.230.122.7,17-05-31 07:15,2.287秒,江苏扬州,HTTP,808
49.82.50.48,17-05-31 07:15,0.243秒,江苏,HTTP,808
114.230.218.139,17-05-31 07:15,0.558秒,江苏扬州,HTTP,808
114.239.1.164,17-05-31 07:14,0.278秒,江苏宿迁,HTTPS,808
183.153.21.225,17-05-31 07:13,0.406秒,浙江台州,HTTP,808
182.37.71.240,17-05-31 07:11,1.848秒,山东日照,HTTPS,808
123.169.86.36,17-05-31 07:11,0.227秒,山东淄博,HTTPS,808
113.121.243.113,17-05-31 07:11,1.881秒,山东德州,HTTPS,808
183.153.20.95,17-05-31 07:11,0.241秒,浙江台州,HTTPS,808
115.220.2.71,17-05-31 07:11,0.248秒,浙江宁波,HTTP,808
114.230.218.188,17-05-31 07:11,1.621秒,江苏扬州,HTTPS,808
182.87.14.22,17-05-31 07:11,0.552秒,江西鹰潭市贵溪,HTTPS,808
117.43.1.164,17-05-31 07:11,0.2秒,江西九江,HTTPS,808
119.5.0.40,17-05-31 07:06,0.567秒,四川南充,HTTP,808
221.232.190.36,17-05-31 07:01,0.113秒,湖北武汉市硚口区,HTTPS,8118
115.220.7.30,17-05-31 07:01,1.129秒,浙江宁波,HTTP,808
121.234.37.19,17-05-31 06:55,5.175秒,江苏盐城,HTTPS,808
117.43.1.43,17-05-31 06:55,0.387秒,江西九江,HTTPS,808
123.163.162.50,17-05-31 06:55,1.698秒,河南三门峡,HTTPS,808
125.106.226.204,17-05-31 06:55,1.486秒,浙江衢州,HTTPS,808
121.226.172.179,17-05-31 06:55,0.226秒,江苏,HTTPS,808
121.206.53.253,17-05-31 06:52,1.519秒,福建漳州,HTTPS,808
122.245.66.90,17-05-31 06:51,4.302秒,浙江宁波,HTTPS,808
222.76.118.47,17-05-31 06:50,0.283秒,福建福州,HTTPS,808
117.43.1.156,17-05-31 06:50,3.691秒,江西九江,HTTP,808
113.121.249.2,17-05-31 06:46,7.454秒,山东德州,HTTP,808
27.22.9.42,17-05-31 06:42,2.483秒,湖北襄阳,HTTPS,808
119.5.0.8,17-05-31 06:40,0.269秒,四川南充,HTTP,808
119.133.30.112,17-05-31 06:36,0.246秒,广东江门,HTTP,808
115.220.7.44,17-05-31 06:34,1.218秒,浙江宁波,HTTPS,808
36.99.207.174,17-05-31 06:22,1.9秒,浙江,HTTPS,808
49.86.62.6,17-05-31 06:22,2.021秒,江苏扬州,HTTPS,808
115.215.69.121,17-05-31 06:22,1.688秒,浙江宁波,HTTPS,808
222.95.22.244,17-05-31 06:20,3.155秒,江苏南京,HTTP,808
113.69.37.165,17-05-31 06:20,3.801秒,广东佛山,HTTP,808
115.215.71.174,17-05-31 06:14,0.238秒,浙江宁波,HTTP,808
110.83.46.161,17-05-31 06:12,0.739秒,福建福州,HTTP,808
60.178.85.128,17-05-31 06:11,4.012秒,浙江宁波,HTTPS,808
